Year,Word,Frequency
2017,rohingya,32
2017,australia,13
2017,refugees,12
2017,happened,12
2017,attack,10
2017,test,10
2017,crisis,8
2017,myanmar,7
2017,v,7
2017,dead,6
2017,cafe,6
2017,india,6
2017,bangladeshs,6
2017,killed,6
2017,police,6
2017,champions,6
2017,trophy,6
2017,statue,5
2017,justice,5
2017,death,5
2017,militants,5
2017,pope,5
2017,bangladeshi,5
2017,second,5
2017,suspect,4
2017,pm,4
2017,lady,4
2017,refugee,4
2017,cyclone,4
2017,rain,4
2017,kill,4
2017,raid,4
2017,francis,4
2017,landslides,3
2017,york,3
2017,accused,3
2017,law,3
2017,border,3
2017,dhaka,3
2017,man,3
2017,england,3
2017,floods,3
2017,nepal,3
2017,blasts,3
2017,kills,3
2017,gay,3
2017,bangladeshis,3
2017,beat,3
2017,rise,3
2017,marriage,2
2017,genocide,2
2017,arrested,2
2017,silent,2
2017,pakistan,2
2017,camp,2
2017,water,2
2017,flood,2
2017,devastation,2
2017,reach,2
2017,boat,2
2017,capsizes,2
2017,fall,2
2017,victim,2
2017,cricket,2
2017,leaves,2
2017,family,2
2017,reinstalls,2
2017,islamist,2
2017,bid,2
2017,mora,2
2017,anniversary,2
2017,killing,2
2017,sentences,2
2017,murder,2
2017,reopens,2
2017,militant,2
2017,set,2
2017,nyc,2
2017,carrying,2
2017,removed,2
2017,court,2
2017,leader,2
2017,thousands,2
2017,muslims,2
2017,disappearances,2
2017,troops,2
2017,men,2
2017,checkpoint,2
2017,suspected,2
2017,protests,2
2017,shake,2
2017,global,2
2017,workshop,2
2017,apparel,2
2017,bombing,2
2017,life,2
2017,split,2
2017,brooklyn,2
2017,place,2
2017,wreaks,2
2021,people,8
2021,killed,8
2021,factory,7
2021,kills,7
2021,ferry,6
2021,t,6
2021,workers,6
2021,rohingya,5
2021,dead,5
2021,england,5
2021,world,5
2021,uk,5
2021,garment,5
2021,safety,5
2021,refugees,4
2021,bangladeshs,4
2021,death,4
2021,australia,4
2021,cup,4
2021,lockdown,4
2021,india,4
2021,blaze,3
2021,boat,3
2021,red,3
2021,die,3
2021,lightning,3
2021,wedding,3
2021,party,3
2021,killing,3
2021,pakistan,3
2021,modis,3
2021,visit,3
2021,covid,3
2021,dhaka,3
2021,climate,3
2021,dozens,3
2021,independence,3
2021,violence,3
2021,brands,3
2021,sign,3
2021,wave,3
2021,happened,3
2021,juice,2
2021,owner,2
2021,arrested,2
2021,fleeing,2
2021,lost,2
2021,crash,2
2021,strikes,2
2021,sentences,2
2021,gay,2
2021,massive,2
2021,camps,2
2021,live,2
2021,roy,2
2021,win,2
2021,kenya,2
2021,philippines,2
2021,list,2
2021,flee,2
2021,ahead,2
2021,strict,2
2021,means,2
2021,sentenced,2
2021,blogger,2
2021,hindu,2
2021,festival,2
2021,accord,2
2021,protests,2
2021,cyclone,2
2021,strike,2
2021,worst,2
2021,capsizes,2
2021,look,2
2021,cases,2
2021,beat,2
2021,deal,2
2021,clothing,2
2021,travel,2
2021,malaysiabound,1
2021,muslim,1
2021,feared,1
2021,sea,1
2021,incendio,1
2021,en,1
2021,una,1
2021,fbrica,1
2021,cobra,1
2021,la,1
2021,vida,1
2021,ms,1
2021,personas,1
2021,cross,1
2021,warns,1
2021,problems,1
2021,remote,1
2021,island,1
2021,housing,1
2021,seventeen,1
2021,slow,1
2015,blogger,24
2015,bloggers,19
2015,court,18
2015,arrest,17
2015,world,16
2015,police,16
2015,war,16
2015,death,15
2015,cup,15
2015,zia,14
2015,killed,13
2015,crimes,13
2015,secular,12
2015,execution,12
2015,graft,11
2015,ahead,11
2015,factory,10
2015,killing,10
2015,murder,10
2015,expremier,10
2015,avoids,10
2015,cases,10
2015,grants,10
2015,bail,10
2015,tightens,10
2015,security,10
2015,expected,10
2015,convict,10
2015,bangladeshi,10
2015,men,9
2015,cricket,9
2015,bangladeshs,8
2015,happened,8
2015,leader,8
2015,italian,8
2015,attack,8
2015,claims,8
2015,isis,8
2015,dead,7
2015,india,7
2015,opposition,7
2015,england,6
2015,hacked,6
2015,v,6
2015,islamist,6
2015,responsibility,6
2015,trial,5
2015,kills,5
2015,people,5
2015,arrests,5
2015,suspected,5
2015,murders,5
2015,border,5
2015,rana,5
2015,plaza,5
2015,mosque,5
2015,australia,5
2015,charge,5
2015,women,5
2015,child,4
2015,stampede,4
2015,garment,4
2015,afghanistan,4
2015,violence,4
2015,political,4
2015,british,4
2015,aid,4
2015,worker,4
2015,sentences,4
2015,man,4
2015,dhaka,4
2015,killings,4
2015,arrested,4
2015,second,4
2015,extremism,4
2015,attacks,4
2015,handout,3
2015,atheist,3
2015,appear,3
2015,disaster,3
2015,suspect,3
2015,die,3
2015,protests,3
2015,enclaves,3
2015,bomb,3
2015,avijit,3
2015,roy,3
2015,deal,3
2015,collapse,3
2015,knife,3
2015,priest,3
2015,group,3
2015,coal,3
2015,rallies,3
2015,activists,3
2015,capital,3
2015,case,3
2015,leaders,3
2015,end,3
2015,strike,3
2019,world,18
2019,cup,18
2019,cricket,14
2019,death,10
2019,dead,10
2019,india,9
2019,rohingya,9
2019,england,9
2019,dhaka,8
2019,cyclone,8
2019,people,7
2019,bangladeshs,7
2019,beat,7
2019,kills,6
2019,leaves,5
2019,election,5
2019,marriage,5
2019,bulbul,5
2019,shamima,5
2019,begum,5
2019,zealand,5
2019,police,5
2019,killing,5
2019,happened,5
2019,attack,4
2019,slum,4
2019,blaze,4
2019,virgin,4
2019,plane,4
2019,crisis,4
2019,capital,4
2019,refugees,4
2019,mosque,4
2019,killed,4
2019,sentenced,3
2019,court,3
2019,shakib,3
2019,million,3
2019,shot,3
2019,forces,3
2019,dengue,3
2019,allowed,3
2019,liam,3
2019,plunkett,3
2019,australia,3
2019,longer,3
2019,west,3
2019,indies,3
2019,refugee,3
2019,victory,3
2019,myanmar,3
2019,abrar,3
2019,fahad,3
2019,student,3
2019,seven,3
2019,office,3
2019,rise,3
2019,runs,3
2019,cafe,2
2019,floods,2
2019,homeless,2
2019,deadly,2
2019,certificates,2
2019,rules,2
2019,corruption,2
2019,evacuated,2
2019,storm,2
2019,special,2
2019,hit,2
2019,worst,2
2019,outbreak,2
2019,record,2
2019,nusrat,2
2019,jahan,2
2019,rafi,2
2019,burning,2
2019,hits,2
2019,murder,2
2019,climate,2
2019,change,2
2019,hussain,2
2019,live,2
2019,scoreboard,2
2019,vs,2
2019,return,2
2019,pakistan,2
2019,ershad,2
2019,president,2
2019,camps,2
2019,burden,2
2019,young,2
2019,tour,2
2019,opens,2
2019,camp,2
2019,child,2
2019,afghanistan,2
2019,charge,2
2019,evacuations,2
2019,thousands,2
2019,face,2
2018,rohingya,28
2018,election,8
2018,hasina,7
2018,elections,7
2018,refugees,7
2018,myanmar,7
2018,sheikh,6
2018,students,6
2018,protests,6
2018,deadly,5
2018,shahidul,5
2018,alam,5
2018,pm,5
2018,camps,5
2018,opposition,5
2018,amid,5
2018,safety,5
2018,term,4
2018,violence,4
2018,dhaka,4
2018,protesters,4
2018,police,4
2018,world,4
2018,wins,4
2018,vote,4
2018,repatriation,4
2018,attack,4
2018,bangladeshs,4
2018,protest,3
2018,disease,3
2018,clashes,3
2018,years,3
2018,despite,3
2018,refugee,3
2018,injured,3
2018,jailed,3
2018,choice,3
2018,change,2
2018,womens,2
2018,photographer,2
2018,official,2
2018,rains,2
2018,begin,2
2018,road,2
2018,accident,2
2018,war,2
2018,drugs,2
2018,brought,2
2018,seeks,2
2018,crash,2
2018,worlds,2
2018,diarrhoeal,2
2018,student,2
2018,cup,2
2018,workers,2
2018,agree,2
2018,return,2
2018,men,2
2018,fever,2
2018,team,2
2018,ahead,2
2018,fight,2
2018,violent,2
2018,freed,2
2018,factories,2
2018,marriage,2
2018,myanmars,2
2018,briton,2
2018,capital,2
2018,dec,2
2018,arrest,2
2018,await,2
2018,heads,2
2018,leader,2
2018,authoritarianism,2
2018,extremism,2
2018,abortion,2
2018,safer,2
2018,victory,2
2018,rana,2
2018,plaza,2
2018,india,2
2018,england,2
2018,t,2
2018,deal,2
2018,uproar,1
2018,opportunity,1
2018,opinion,1
2018,brazil,1
2018,argentina,1
2018,rivalry,1
2018,alive,1
2018,erupts,1
2018,exclusive,1
2018,march,1
2018,activists,1
2018,targeted,1
2018,scam,1
2018,run,1
2018,frees,1
2023,england,26
2023,happened,13
2023,world,11
2023,cup,11
2023,beat,10
2023,dengue,9
2023,odi,9
2023,cyclone,8
2023,mocha,8
2023,win,8
2023,t,8
2023,outbreak,7
2023,series,7
2023,cricket,7
2023,bangladeshs,6
2023,camp,6
2023,myanmar,6
2023,thousands,5
2023,tour,5
2023,englands,5
2023,second,5
2023,people,4
2023,garment,4
2023,climate,4
2023,rohingya,4
2023,refugee,4
2023,india,4
2023,players,4
2023,deadly,4
2023,train,4
2023,workers,4
2023,runs,4
2023,wage,3
2023,fashion,3
2023,worst,3
2023,coal,3
2023,crisis,3
2023,homeless,3
2023,europe,3
2023,pakistan,3
2023,sri,3
2023,lanka,3
2023,change,3
2023,defeat,3
2023,vs,3
2023,scoreboard,3
2023,deaths,3
2023,storm,3
2023,hits,3
2023,opposition,3
2023,leaves,3
2023,wickets,3
2023,protests,2
2023,hit,2
2023,brands,2
2023,killed,2
2023,years,2
2023,explosion,2
2023,kills,2
2023,injures,2
2023,dozens,2
2023,growth,2
2023,rips,2
2023,makes,2
2023,clash,2
2023,south,2
2023,asia,2
2023,hospitals,2
2023,breaking,2
2023,point,2
2023,intensifies,2
2023,border,2
2023,timed,2
2023,sees,2
2023,pay,2
2023,miss,2
2023,trip,2
2023,sweep,2
2023,violence,2
2023,clashes,2
2023,paid,2
2023,cost,2
2023,huge,2
2023,worlds,2
2023,largest,2
2023,arrested,2
2023,killing,2
2023,faces,2
2023,record,2
2023,sentences,2
2023,burma,2
2023,dead,2
2023,collision,2
2023,bangladeshi,2
2023,australia,2
2023,socceroos,2
2023,crackdown,2
2023,cruise,2
2023,malans,2
2023,whitewash,2
2016,england,52
2016,attack,27
2016,tour,27
2016,police,22
2016,killed,20
2016,englands,19
2016,death,18
2016,hindu,15
2016,test,14
2016,dhaka,13
2016,bangladeshs,12
2016,man,12
2016,security,12
2016,happened,12
2016,isis,11
2016,cafe,11
2016,india,11
2016,islamist,11
2016,eoin,9
2016,morgan,9
2016,hacked,9
2016,militants,9
2016,bangladeshi,9
2016,odi,9
2016,terror,8
2016,leader,8
2016,kill,8
2016,win,8
2016,v,8
2016,killing,7
2016,attacks,7
2016,players,7
2016,ali,7
2016,tree,6
2016,killings,6
2016,bank,6
2016,fears,6
2016,moeen,6
2016,attackers,6
2016,suspected,6
2016,beat,6
2016,series,6
2016,surgery,5
2016,hacking,5
2016,tailor,5
2016,murder,5
2016,kills,5
2016,suspect,5
2016,arrests,5
2016,group,5
2016,safety,5
2016,terrorist,5
2016,bakery,5
2016,arrested,4
2016,hostages,4
2016,war,4
2016,crimes,4
2016,face,4
2016,world,4
2016,chief,4
2016,alastair,4
2016,cook,4
2016,child,4
2016,winter,4
2016,million,4
2016,editor,4
2016,holey,4
2016,protests,4
2016,american,4
2016,executed,4
2016,runs,4
2016,second,4
2016,wife,3
2016,murdered,3
2016,work,3
2016,better,3
2016,held,3
2016,islam,3
2016,groups,3
2016,student,3
2016,lightning,3
2016,lgbt,3
2016,crowds,3
2016,blogger,3
2016,cyclone,3
2016,priest,3
2016,trial,3
2016,defeat,3
2016,ahead,3
2016,latest,3
2016,siege,3
2016,tv,3
2016,myanmar,3
2016,rohingya,3
2016,charges,3
2016,opposition,3
2016,rahman,3
2016,raid,3
2016,final,3
2016,suspects,3
2014,death,17
2014,islamist,13
2014,ferry,12
2014,factory,10
2014,sentences,10
2014,rana,9
2014,plaza,9
2014,power,7
2014,bangladeshs,7
2014,workers,7
2014,garment,6
2014,world,6
2014,elections,5
2014,boycott,5
2014,violence,5
2014,disaster,5
2014,collapse,4
2014,sentenced,4
2014,aid,4
2014,election,4
2014,british,4
2014,contempt,4
2014,arrested,4
2014,india,4
2014,blackout,4
2014,war,4
2014,victims,4
2014,factories,4
2014,owner,3
2014,nationwide,3
2014,party,3
2014,prime,3
2014,minister,3
2014,journalist,3
2014,guilty,3
2014,electricity,3
2014,sunken,3
2014,missing,3
2014,failure,3
2014,river,3
2014,inspections,3
2014,safety,3
2014,retailers,3
2014,eyewitness,3
2014,help,3
2014,v,3
2014,happened,3
2014,jailed,2
2014,hits,2
2014,oil,2
2014,case,2
2014,child,2
2014,darren,2
2014,stevens,2
2014,islamic,2
2014,leaders,2
2014,sentence,2
2014,leader,2
2014,corruption,2
2014,grid,2
2014,fails,2
2014,passengers,2
2014,search,2
2014,bodies,2
2014,recovered,2
2014,capsizes,2
2014,storm,2
2014,crimes,2
2014,finds,2
2014,uk,2
2014,bangladeshi,2
2014,bank,2
2014,capsized,2
2014,police,2
2014,home,2
2014,high,2
2014,floating,2
2014,gardens,2
2014,returns,2
2014,owners,2
2014,dhaka,2
2014,labour,2
2014,fund,2
2014,t,2
2014,pay,2
2014,breaks,1
2014,human,1
2014,flag,1
2014,record,1
2014,blaze,1
2014,wife,1
2014,marks,1
2014,anniversary,1
2014,expoliticians,1
2014,army,1
2014,officers,1
2014,cut,1
2014,ruling,1
2014,wins,1
2014,marred,1
2013,factory,84
2013,collapse,80
2013,death,57
2013,building,51
2013,toll,41
2013,killed,38
2013,war,30
2013,garment,29
2013,crimes,29
2013,safety,27
2013,police,26
2013,strike,23
2013,owners,19
2013,factories,18
2013,sentence,18
2013,clashes,17
2013,dhaka,17
2013,party,17
2013,opposition,17
2013,dead,16
2013,islamic,16
2013,clash,16
2013,arrested,15
2013,tops,14
2013,people,14
2013,nationwide,13
2013,workers,13
2013,trial,13
2013,arrests,13
2013,bangladeshs,12
2013,retailers,12
2013,ahead,12
2013,leaders,12
2013,activists,12
2013,protests,11
2013,islamist,11
2013,passes,11
2013,general,11
2013,fresh,11
2013,eyewitness,11
2013,deadly,10
2013,trade,10
2013,primark,10
2013,protest,10
2013,security,10
2013,forces,10
2013,feb,10
2013,hrw,10
2013,prominent,10
2013,disaster,9
2013,sentenced,8
2013,leader,8
2013,survivors,8
2013,pictures,8
2013,violence,8
2013,rubble,7
2013,dozens,7
2013,pressure,7
2013,bangladeshi,7
2013,sign,7
2013,die,6
2013,owner,6
2013,days,6
2013,deal,6
2013,kills,6
2013,pay,6
2013,extra,6
2013,amid,5
2013,rises,5
2013,capital,5
2013,islamists,5
2013,law,5
2013,rescue,5
2013,search,5
2013,hits,5
2013,survivor,5
2013,arrest,5
2013,leaves,5
2013,missing,5
2013,gets,5
2013,worker,5
2013,collapsed,5
2013,plan,5
2013,fashion,5
2013,clothes,4
2013,riots,4
2013,collapses,4
2013,turn,4
2013,aid,4
2013,rally,4
2013,tragedy,4
2013,rana,4
2013,plaza,4
2013,hope,4
2013,blame,4
2013,rescued,4
2013,water,4
2013,woman,4
2013,cyclone,4
2013,mahasen,4
2012,factory,20
2012,investigating,10
2012,federal,10
2012,reserve,10
2012,terror,10
2012,suspect,10
2012,radical,10
2012,connections,10
2012,dhaka,9
2012,garment,7
2012,workers,7
2012,eyewitness,7
2012,dead,5
2012,refugees,5
2012,killed,5
2012,death,5
2012,pictures,5
2012,kills,4
2012,bank,4
2012,protest,4
2012,bangladeshi,4
2012,police,3
2012,leaves,3
2012,sabotage,3
2012,clothing,3
2012,aid,3
2012,bangladeshs,3
2012,army,3
2012,world,3
2012,coup,3
2012,walmart,3
2012,toll,3
2012,ferry,3
2012,compensation,3
2012,labor,3
2012,negligence,3
2012,landslides,3
2012,finds,3
2012,rises,3
2012,killing,3
2012,women,3
2012,extra,3
2012,rohingya,3
2012,saudi,2
2012,diplomat,2
2012,missing,2
2012,sinks,2
2012,muslims,2
2012,clinton,2
2012,people,2
2012,owner,2
2012,final,2
2012,away,2
2012,burma,2
2012,arrested,2
2012,internet,2
2012,child,2
2012,coxs,2
2012,bazar,2
2012,cancels,2
2012,bridge,2
2012,loan,2
2012,enduring,2
2012,hope,2
2012,chittagong,2
2012,bring,2
2012,industry,2
2012,victims,2
2012,change,2
2012,myanmar,2
2012,outside,2
2012,grameen,2
2012,rights,2
2012,group,2
2012,american,2
2012,tariffs,2
2012,deaths,2
2012,attempt,2
2012,gross,2
2012,organizer,2
2012,signals,2
2012,escalation,2
2012,violence,2
2012,help,2
2012,cyclone,2
2012,shot,1
2012,illegal,1
2012,migrant,1
2012,boat,1
2012,torch,1
2012,buddhist,1
2012,shrines,1
2012,drama,1
2012,china,1
2012,turmoil,1
2012,expremiers,1
2012,son,1
2012,indicted,1
2012,grenade,1
2012,attack,1
2022,india,10
2022,floods,8
2022,millions,6
2022,dozens,5
2022,depot,5
2022,cardiff,5
2022,hundreds,4
2022,flooding,4
2022,rohingya,4
2022,refugees,4
2022,world,4
2022,dead,3
2022,left,3
2022,death,3
2022,south,3
2022,asia,3
2022,worlds,3
2022,beat,3
2022,killed,3
2022,dad,3
2022,poisoning,3
2022,cup,3
2022,son,3
2022,heavy,2
2022,rain,2
2022,leave,2
2022,power,2
2022,container,2
2022,kills,2
2022,torrential,2
2022,rains,2
2022,historic,2
2022,win,2
2022,escape,2
2022,court,2
2022,refugee,2
2022,hospital,2
2022,best,2
2022,building,2
2022,million,2
2022,high,2
2022,england,2
2022,hold,2
2022,deadly,2
2022,displaced,2
2022,gets,2
2022,family,2
2022,member,2
2022,dies,2
2022,poisoned,2
2022,chemicals,2
2022,crackdown,2
2022,firefighters,2
2022,imf,2
2022,camps,2
2022,female,2
2022,crisis,2
2022,climate,2
2022,womens,2
2022,cricket,2
2022,happened,2
2022,lightning,1
2022,blackout,1
2022,country,1
2022,national,1
2022,grid,1
2022,failure,1
2022,boat,1
2022,accident,1
2022,rescue,1
2022,efforts,1
2022,carry,1
2022,toll,1
2022,rises,1
2022,intenta,1
2022,apaciguar,1
2022,su,1
2022,grave,1
2022,problema,1
2022,trfico,1
2022,la,1
2022,inauguracin,1
2022,del,1
2022,primer,1
2022,tranvia,1
2022,en,1
2022,dacca,1
2022,people,1
2022,injures,1
2022,sheikh,1
2022,hasina,1
2022,tens,1
2022,thousands,1
2022,protest,1
2022,demand,1
2022,prime,1
2022,ministers,1
2022,resignation,1
2022,affected,1
2022,batter,1
2020,india,16
2020,cyclone,15
2020,rohingya,11
2020,amphan,9
2020,coronavirus,9
2020,super,7
2020,island,6
2020,covid,4
2020,hits,3
2020,refugees,3
2020,remote,3
2020,death,3
2020,storm,3
2020,thousands,3
2020,violence,3
2020,millions,3
2020,big,3
2020,garment,3
2020,moves,2
2020,hundreds,2
2020,funeral,2
2020,lockdown,2
2020,fears,2
2020,allow,2
2020,penalty,2
2020,surge,2
2020,kills,2
2020,boat,2
2020,sinks,2
2020,hospital,2
2020,owner,2
2020,allegedly,2
2020,bangladeshs,2
2020,women,2
2020,culture,2
2020,boats,2
2020,sends,2
2020,desperate,2
2020,prison,2
2020,army,2
2020,murder,2
2020,million,2
2020,camps,2
2020,crisis,2
2020,risk,2
2020,orders,2
2020,brink,2
2020,ahead,2
2020,rape,2
2020,killing,2
2020,dozens,2
2020,power,2
2020,gas,2
2020,bears,2
2020,factory,2
2020,disaster,2
2020,begins,2
2020,despite,2
2020,children,2
2020,workers,2
2020,families,2
2020,supercyclone,2
2020,life,2
2020,urged,2
2020,refugee,2
2020,australia,2
2020,womens,2
2020,world,2
2020,cup,2
2020,el,1
2020,teido,1
2020,textiles,1
2020,provoca,1
2020,la,1
2020,contaminacin,1
2020,ros,1
2020,en,1
2020,wreaks,1
2020,havoc,1
2020,amid,1
2020,gather,1
2020,defying,1
2020,sparking,1
2020,outbreak,1
2020,convicted,1
2020,rapists,1
2020,bring,1
2020,devastating,1
2020,ferry,1
2020,crash,1
2020,seconds,1
2020,heading,1
2020,update,1
2020,brace,1
2020,record,1
2020,faked,1
2020,tests,1
2020,belated,1
2020,metoo,1
2020,movement,1
2024,election,10
2024,india,6
2024,bangladeshs,6
2024,australia,5
2024,happened,5
2024,win,5
2024,people,4
2024,term,4
2024,cyclone,4
2024,t,4
2024,world,4
2024,cup,4
2024,womens,4
2024,million,3
2024,sheikh,3
2024,hasina,3
2024,fourth,3
2024,kills,3
2024,remal,3
2024,polls,3
2024,vote,3
2024,mall,3
2024,beat,3
2024,oneday,3
2024,international,3
2024,floods,2
2024,hit,2
2024,opposition,2
2024,nobel,2
2024,laureate,2
2024,dhaka,2
2024,dozens,2
2024,killed,2
2024,bangladeshflagged,2
2024,somali,2
2024,pirates,2
2024,children,2
2024,elections,2
2024,dead,2
2024,jail,2
2024,emergency,2
2024,burmese,2
2024,amid,2
2024,shopping,2
2024,caught,2
2024,killing,2
2024,bangladeshi,2
2024,leader,2
2024,monday,2
2024,briefing,2
2024,troubled,2
2024,runs,2
2024,cricket,2
2024,water,2
2024,weather,2
2024,second,2
2024,wickets,2
2024,nearly,1
2024,stranded,1
2024,devastating,1
2024,northeast,1
2024,voting,1
2024,underway,1
2024,results,1
2024,prime,1
2024,minister,1
2024,secures,1
2024,boycotted,1
2024,heavy,1
2024,monsoon,1
2024,flooding,1
2024,daughter,1
2024,tries,1
2024,stop,1
2024,locking,1
2024,father,1
2024,injures,1
2024,heads,1
2024,sunday,1
2024,soaring,1
2024,prices,1
2024,thousands,1
2024,playing,1
2024,hunger,1
2024,games,1
2024,food,1
2024,hijacked,1
2024,ship,1
2024,released,1
2024,ransom,1
2024,paid,1
2024,fact,1
2024,check,1
2024,desantis,1
2024,dings,1
2024,biden,1
2024,prolgbt,1
2024,aid,1
2024,began,1
2024,trump,1
