Publication,Word,Frequency,Logo
CNN,people,582,https://cdn.glitch.global/46639e58-58ca-4804-8212-3dff4efcf484/cnn_logo.png?v=1724286330514
CNN,building,373,https://cdn.glitch.global/46639e58-58ca-4804-8212-3dff4efcf484/cnn_logo.png?v=1724286330514
CNN,dhaka,347,https://cdn.glitch.global/46639e58-58ca-4804-8212-3dff4efcf484/cnn_logo.png?v=1724286330514
CNN,police,309,https://cdn.glitch.global/46639e58-58ca-4804-8212-3dff4efcf484/cnn_logo.png?v=1724286330514
CNN,rohingya,249,https://cdn.glitch.global/46639e58-58ca-4804-8212-3dff4efcf484/cnn_logo.png?v=1724286330514
CNN,government,240,https://cdn.glitch.global/46639e58-58ca-4804-8212-3dff4efcf484/cnn_logo.png?v=1724286330514
CNN,bangladeshi,238,https://cdn.glitch.global/46639e58-58ca-4804-8212-3dff4efcf484/cnn_logo.png?v=1724286330514
CNN,workers,230,https://cdn.glitch.global/46639e58-58ca-4804-8212-3dff4efcf484/cnn_logo.png?v=1724286330514
CNN,country,194,https://cdn.glitch.global/46639e58-58ca-4804-8212-3dff4efcf484/cnn_logo.png?v=1724286330514
CNN,rights,178,https://cdn.glitch.global/46639e58-58ca-4804-8212-3dff4efcf484/cnn_logo.png?v=1724286330514
CNN,death,173,https://cdn.glitch.global/46639e58-58ca-4804-8212-3dff4efcf484/cnn_logo.png?v=1724286330514
CNN,killed,166,https://cdn.glitch.global/46639e58-58ca-4804-8212-3dff4efcf484/cnn_logo.png?v=1724286330514
CNN,refugees,166,https://cdn.glitch.global/46639e58-58ca-4804-8212-3dff4efcf484/cnn_logo.png?v=1724286330514
CNN,collapses,164,https://cdn.glitch.global/46639e58-58ca-4804-8212-3dff4efcf484/cnn_logo.png?v=1724286330514
CNN,myanmar,151,https://cdn.glitch.global/46639e58-58ca-4804-8212-3dff4efcf484/cnn_logo.png?v=1724286330514
CNN,state,148,https://cdn.glitch.global/46639e58-58ca-4804-8212-3dff4efcf484/cnn_logo.png?v=1724286330514
CNN,garment,140,https://cdn.glitch.global/46639e58-58ca-4804-8212-3dff4efcf484/cnn_logo.png?v=1724286330514
CNN,bangladeshs,140,https://cdn.glitch.global/46639e58-58ca-4804-8212-3dff4efcf484/cnn_logo.png?v=1724286330514
CNN,minister,136,https://cdn.glitch.global/46639e58-58ca-4804-8212-3dff4efcf484/cnn_logo.png?v=1724286330514
CNN,authorities,123,https://cdn.glitch.global/46639e58-58ca-4804-8212-3dff4efcf484/cnn_logo.png?v=1724286330514
CNN,years,122,https://cdn.glitch.global/46639e58-58ca-4804-8212-3dff4efcf484/cnn_logo.png?v=1724286330514
CNN,children,122,https://cdn.glitch.global/46639e58-58ca-4804-8212-3dff4efcf484/cnn_logo.png?v=1724286330514
CNN,million,121,https://cdn.glitch.global/46639e58-58ca-4804-8212-3dff4efcf484/cnn_logo.png?v=1724286330514
CNN,group,120,https://cdn.glitch.global/46639e58-58ca-4804-8212-3dff4efcf484/cnn_logo.png?v=1724286330514
CNN,safety,119,https://cdn.glitch.global/46639e58-58ca-4804-8212-3dff4efcf484/cnn_logo.png?v=1724286330514
CNN,factory,118,https://cdn.glitch.global/46639e58-58ca-4804-8212-3dff4efcf484/cnn_logo.png?v=1724286330514
CNN,human,117,https://cdn.glitch.global/46639e58-58ca-4804-8212-3dff4efcf484/cnn_logo.png?v=1724286330514
CNN,violence,114,https://cdn.glitch.global/46639e58-58ca-4804-8212-3dff4efcf484/cnn_logo.png?v=1724286330514
CNN,collapse,110,https://cdn.glitch.global/46639e58-58ca-4804-8212-3dff4efcf484/cnn_logo.png?v=1724286330514
CNN,factories,109,https://cdn.glitch.global/46639e58-58ca-4804-8212-3dff4efcf484/cnn_logo.png?v=1724286330514
CNN,international,108,https://cdn.glitch.global/46639e58-58ca-4804-8212-3dff4efcf484/cnn_logo.png?v=1724286330514
CNN,india,107,https://cdn.glitch.global/46639e58-58ca-4804-8212-3dff4efcf484/cnn_logo.png?v=1724286330514
CNN,capital,105,https://cdn.glitch.global/46639e58-58ca-4804-8212-3dff4efcf484/cnn_logo.png?v=1724286330514
CNN,party,105,https://cdn.glitch.global/46639e58-58ca-4804-8212-3dff4efcf484/cnn_logo.png?v=1724286330514
CNN,home,103,https://cdn.glitch.global/46639e58-58ca-4804-8212-3dff4efcf484/cnn_logo.png?v=1724286330514
CNN,april,102,https://cdn.glitch.global/46639e58-58ca-4804-8212-3dff4efcf484/cnn_logo.png?v=1724286330514
CNN,died,101,https://cdn.glitch.global/46639e58-58ca-4804-8212-3dff4efcf484/cnn_logo.png?v=1724286330514
CNN,attacks,101,https://cdn.glitch.global/46639e58-58ca-4804-8212-3dff4efcf484/cnn_logo.png?v=1724286330514
CNN,border,100,https://cdn.glitch.global/46639e58-58ca-4804-8212-3dff4efcf484/cnn_logo.png?v=1724286330514
CNN,islam,96,https://cdn.glitch.global/46639e58-58ca-4804-8212-3dff4efcf484/cnn_logo.png?v=1724286330514
CNN,work,94,https://cdn.glitch.global/46639e58-58ca-4804-8212-3dff4efcf484/cnn_logo.png?v=1724286330514
CNN,hide,93,https://cdn.glitch.global/46639e58-58ca-4804-8212-3dff4efcf484/cnn_logo.png?v=1724286330514
CNN,isis,92,https://cdn.glitch.global/46639e58-58ca-4804-8212-3dff4efcf484/cnn_logo.png?v=1724286330514
CNN,disaster,91,https://cdn.glitch.global/46639e58-58ca-4804-8212-3dff4efcf484/cnn_logo.png?v=1724286330514
CNN,countrys,89,https://cdn.glitch.global/46639e58-58ca-4804-8212-3dff4efcf484/cnn_logo.png?v=1724286330514
CNN,attack,89,https://cdn.glitch.global/46639e58-58ca-4804-8212-3dff4efcf484/cnn_logo.png?v=1724286330514
CNN,opposition,87,https://cdn.glitch.global/46639e58-58ca-4804-8212-3dff4efcf484/cnn_logo.png?v=1724286330514
CNN,refugee,87,https://cdn.glitch.global/46639e58-58ca-4804-8212-3dff4efcf484/cnn_logo.png?v=1724286330514
CNN,boat,87,https://cdn.glitch.global/46639e58-58ca-4804-8212-3dff4efcf484/cnn_logo.png?v=1724286330514
CNN,reported,83,https://cdn.glitch.global/46639e58-58ca-4804-8212-3dff4efcf484/cnn_logo.png?v=1724286330514
CNN,sunday,83,https://cdn.glitch.global/46639e58-58ca-4804-8212-3dff4efcf484/cnn_logo.png?v=1724286330514
CNN,officials,82,https://cdn.glitch.global/46639e58-58ca-4804-8212-3dff4efcf484/cnn_logo.png?v=1724286330514
CNN,local,82,https://cdn.glitch.global/46639e58-58ca-4804-8212-3dff4efcf484/cnn_logo.png?v=1724286330514
CNN,days,81,https://cdn.glitch.global/46639e58-58ca-4804-8212-3dff4efcf484/cnn_logo.png?v=1724286330514
CNN,water,79,https://cdn.glitch.global/46639e58-58ca-4804-8212-3dff4efcf484/cnn_logo.png?v=1724286330514
CNN,just,78,https://cdn.glitch.global/46639e58-58ca-4804-8212-3dff4efcf484/cnn_logo.png?v=1724286330514
CNN,security,78,https://cdn.glitch.global/46639e58-58ca-4804-8212-3dff4efcf484/cnn_logo.png?v=1724286330514
CNN,highlights,77,https://cdn.glitch.global/46639e58-58ca-4804-8212-3dff4efcf484/cnn_logo.png?v=1724286330514
CNN,district,77,https://cdn.glitch.global/46639e58-58ca-4804-8212-3dff4efcf484/cnn_logo.png?v=1724286330514
CNN,thousands,77,https://cdn.glitch.global/46639e58-58ca-4804-8212-3dff4efcf484/cnn_logo.png?v=1724286330514
CNN,months,76,https://cdn.glitch.global/46639e58-58ca-4804-8212-3dff4efcf484/cnn_logo.png?v=1724286330514
CNN,monday,75,https://cdn.glitch.global/46639e58-58ca-4804-8212-3dff4efcf484/cnn_logo.png?v=1724286330514
CNN,rahman,75,https://cdn.glitch.global/46639e58-58ca-4804-8212-3dff4efcf484/cnn_logo.png?v=1724286330514
CNN,family,75,https://cdn.glitch.global/46639e58-58ca-4804-8212-3dff4efcf484/cnn_logo.png?v=1724286330514
CNN,groups,75,https://cdn.glitch.global/46639e58-58ca-4804-8212-3dff4efcf484/cnn_logo.png?v=1724286330514
CNN,rescue,74,https://cdn.glitch.global/46639e58-58ca-4804-8212-3dff4efcf484/cnn_logo.png?v=1724286330514
CNN,statement,74,https://cdn.glitch.global/46639e58-58ca-4804-8212-3dff4efcf484/cnn_logo.png?v=1724286330514
CNN,hospital,74,https://cdn.glitch.global/46639e58-58ca-4804-8212-3dff4efcf484/cnn_logo.png?v=1724286330514
CNN,prime,73,https://cdn.glitch.global/46639e58-58ca-4804-8212-3dff4efcf484/cnn_logo.png?v=1724286330514
CNN,september,73,https://cdn.glitch.global/46639e58-58ca-4804-8212-3dff4efcf484/cnn_logo.png?v=1724286330514
CNN,war,73,https://cdn.glitch.global/46639e58-58ca-4804-8212-3dff4efcf484/cnn_logo.png?v=1724286330514
CNN,indian,73,https://cdn.glitch.global/46639e58-58ca-4804-8212-3dff4efcf484/cnn_logo.png?v=1724286330514
CNN,tuesday,72,https://cdn.glitch.global/46639e58-58ca-4804-8212-3dff4efcf484/cnn_logo.png?v=1724286330514
CNN,men,71,https://cdn.glitch.global/46639e58-58ca-4804-8212-3dff4efcf484/cnn_logo.png?v=1724286330514
CNN,coxs,71,https://cdn.glitch.global/46639e58-58ca-4804-8212-3dff4efcf484/cnn_logo.png?v=1724286330514
CNN,hossain,70,https://cdn.glitch.global/46639e58-58ca-4804-8212-3dff4efcf484/cnn_logo.png?v=1724286330514
CNN,world,70,https://cdn.glitch.global/46639e58-58ca-4804-8212-3dff4efcf484/cnn_logo.png?v=1724286330514
CNN,bazar,70,https://cdn.glitch.global/46639e58-58ca-4804-8212-3dff4efcf484/cnn_logo.png?v=1724286330514
CNN,near,70,https://cdn.glitch.global/46639e58-58ca-4804-8212-3dff4efcf484/cnn_logo.png?v=1724286330514
CNN,military,70,https://cdn.glitch.global/46639e58-58ca-4804-8212-3dff4efcf484/cnn_logo.png?v=1724286330514
CNN,ahmed,68,https://cdn.glitch.global/46639e58-58ca-4804-8212-3dff4efcf484/cnn_logo.png?v=1724286330514
CNN,official,68,https://cdn.glitch.global/46639e58-58ca-4804-8212-3dff4efcf484/cnn_logo.png?v=1724286330514
CNN,camp,68,https://cdn.glitch.global/46639e58-58ca-4804-8212-3dff4efcf484/cnn_logo.png?v=1724286330514
CNN,director,67,https://cdn.glitch.global/46639e58-58ca-4804-8212-3dff4efcf484/cnn_logo.png?v=1724286330514
CNN,south,67,https://cdn.glitch.global/46639e58-58ca-4804-8212-3dff4efcf484/cnn_logo.png?v=1724286330514
CNN,arrested,66,https://cdn.glitch.global/46639e58-58ca-4804-8212-3dff4efcf484/cnn_logo.png?v=1724286330514
CNN,recent,66,https://cdn.glitch.global/46639e58-58ca-4804-8212-3dff4efcf484/cnn_logo.png?v=1724286330514
CNN,court,66,https://cdn.glitch.global/46639e58-58ca-4804-8212-3dff4efcf484/cnn_logo.png?v=1724286330514
CNN,protests,66,https://cdn.glitch.global/46639e58-58ca-4804-8212-3dff4efcf484/cnn_logo.png?v=1724286330514
CNN,rana,66,https://cdn.glitch.global/46639e58-58ca-4804-8212-3dff4efcf484/cnn_logo.png?v=1724286330514
CNN,activists,66,https://cdn.glitch.global/46639e58-58ca-4804-8212-3dff4efcf484/cnn_logo.png?v=1724286330514
CNN,families,65,https://cdn.glitch.global/46639e58-58ca-4804-8212-3dff4efcf484/cnn_logo.png?v=1724286330514
CNN,hasina,64,https://cdn.glitch.global/46639e58-58ca-4804-8212-3dff4efcf484/cnn_logo.png?v=1724286330514
CNN,bodies,63,https://cdn.glitch.global/46639e58-58ca-4804-8212-3dff4efcf484/cnn_logo.png?v=1724286330514
CNN,injured,63,https://cdn.glitch.global/46639e58-58ca-4804-8212-3dff4efcf484/cnn_logo.png?v=1724286330514
CNN,women,63,https://cdn.glitch.global/46639e58-58ca-4804-8212-3dff4efcf484/cnn_logo.png?v=1724286330514
CNN,food,63,https://cdn.glitch.global/46639e58-58ca-4804-8212-3dff4efcf484/cnn_logo.png?v=1724286330514
CNN,media,62,https://cdn.glitch.global/46639e58-58ca-4804-8212-3dff4efcf484/cnn_logo.png?v=1724286330514
CNN,bangladeshis,62,https://cdn.glitch.global/46639e58-58ca-4804-8212-3dff4efcf484/cnn_logo.png?v=1724286330514
CNN,left,61,https://cdn.glitch.global/46639e58-58ca-4804-8212-3dff4efcf484/cnn_logo.png?v=1724286330514
telegraph,england,446,https://cdn.glitch.global/46639e58-58ca-4804-8212-3dff4efcf484/telegraph_logo.svg?v=1724286361724
telegraph,people,430,https://cdn.glitch.global/46639e58-58ca-4804-8212-3dff4efcf484/telegraph_logo.svg?v=1724286361724
telegraph,ball,370,https://cdn.glitch.global/46639e58-58ca-4804-8212-3dff4efcf484/telegraph_logo.svg?v=1724286361724
telegraph,dhaka,290,https://cdn.glitch.global/46639e58-58ca-4804-8212-3dff4efcf484/telegraph_logo.svg?v=1724286361724
telegraph,just,257,https://cdn.glitch.global/46639e58-58ca-4804-8212-3dff4efcf484/telegraph_logo.svg?v=1724286361724
telegraph,world,253,https://cdn.glitch.global/46639e58-58ca-4804-8212-3dff4efcf484/telegraph_logo.svg?v=1724286361724
telegraph,building,218,https://cdn.glitch.global/46639e58-58ca-4804-8212-3dff4efcf484/telegraph_logo.svg?v=1724286361724
telegraph,cricket,210,https://cdn.glitch.global/46639e58-58ca-4804-8212-3dff4efcf484/telegraph_logo.svg?v=1724286361724
telegraph,government,207,https://cdn.glitch.global/46639e58-58ca-4804-8212-3dff4efcf484/telegraph_logo.svg?v=1724286361724
telegraph,team,207,https://cdn.glitch.global/46639e58-58ca-4804-8212-3dff4efcf484/telegraph_logo.svg?v=1724286361724
telegraph,police,199,https://cdn.glitch.global/46639e58-58ca-4804-8212-3dff4efcf484/telegraph_logo.svg?v=1724286361724
telegraph,india,193,https://cdn.glitch.global/46639e58-58ca-4804-8212-3dff4efcf484/telegraph_logo.svg?v=1724286361724
telegraph,bangladeshs,192,https://cdn.glitch.global/46639e58-58ca-4804-8212-3dff4efcf484/telegraph_logo.svg?v=1724286361724
telegraph,single,183,https://cdn.glitch.global/46639e58-58ca-4804-8212-3dff4efcf484/telegraph_logo.svg?v=1724286361724
telegraph,country,177,https://cdn.glitch.global/46639e58-58ca-4804-8212-3dff4efcf484/telegraph_logo.svg?v=1724286361724
telegraph,years,176,https://cdn.glitch.global/46639e58-58ca-4804-8212-3dff4efcf484/telegraph_logo.svg?v=1724286361724
telegraph,factory,166,https://cdn.glitch.global/46639e58-58ca-4804-8212-3dff4efcf484/telegraph_logo.svg?v=1724286361724
telegraph,cup,153,https://cdn.glitch.global/46639e58-58ca-4804-8212-3dff4efcf484/telegraph_logo.svg?v=1724286361724
telegraph,international,148,https://cdn.glitch.global/46639e58-58ca-4804-8212-3dff4efcf484/telegraph_logo.svg?v=1724286361724
telegraph,workers,147,https://cdn.glitch.global/46639e58-58ca-4804-8212-3dff4efcf484/telegraph_logo.svg?v=1724286361724
telegraph,shakib,146,https://cdn.glitch.global/46639e58-58ca-4804-8212-3dff4efcf484/telegraph_logo.svg?v=1724286361724
telegraph,players,144,https://cdn.glitch.global/46639e58-58ca-4804-8212-3dff4efcf484/telegraph_logo.svg?v=1724286361724
telegraph,bangladeshi,140,https://cdn.glitch.global/46639e58-58ca-4804-8212-3dff4efcf484/telegraph_logo.svg?v=1724286361724
telegraph,balls,135,https://cdn.glitch.global/46639e58-58ca-4804-8212-3dff4efcf484/telegraph_logo.svg?v=1724286361724
telegraph,game,133,https://cdn.glitch.global/46639e58-58ca-4804-8212-3dff4efcf484/telegraph_logo.svg?v=1724286361724
telegraph,killed,132,https://cdn.glitch.global/46639e58-58ca-4804-8212-3dff4efcf484/telegraph_logo.svg?v=1724286361724
telegraph,tour,129,https://cdn.glitch.global/46639e58-58ca-4804-8212-3dff4efcf484/telegraph_logo.svg?v=1724286361724
telegraph,good,128,https://cdn.glitch.global/46639e58-58ca-4804-8212-3dff4efcf484/telegraph_logo.svg?v=1724286361724
telegraph,work,128,https://cdn.glitch.global/46639e58-58ca-4804-8212-3dff4efcf484/telegraph_logo.svg?v=1724286361724
telegraph,water,127,https://cdn.glitch.global/46639e58-58ca-4804-8212-3dff4efcf484/telegraph_logo.svg?v=1724286361724
telegraph,roy,127,https://cdn.glitch.global/46639e58-58ca-4804-8212-3dff4efcf484/telegraph_logo.svg?v=1724286361724
telegraph,death,126,https://cdn.glitch.global/46639e58-58ca-4804-8212-3dff4efcf484/telegraph_logo.svg?v=1724286361724
telegraph,garment,126,https://cdn.glitch.global/46639e58-58ca-4804-8212-3dff4efcf484/telegraph_logo.svg?v=1724286361724
telegraph,home,125,https://cdn.glitch.global/46639e58-58ca-4804-8212-3dff4efcf484/telegraph_logo.svg?v=1724286361724
telegraph,series,122,https://cdn.glitch.global/46639e58-58ca-4804-8212-3dff4efcf484/telegraph_logo.svg?v=1724286361724
telegraph,security,122,https://cdn.glitch.global/46639e58-58ca-4804-8212-3dff4efcf484/telegraph_logo.svg?v=1724286361724
telegraph,play,122,https://cdn.glitch.global/46639e58-58ca-4804-8212-3dff4efcf484/telegraph_logo.svg?v=1724286361724
telegraph,going,121,https://cdn.glitch.global/46639e58-58ca-4804-8212-3dff4efcf484/telegraph_logo.svg?v=1724286361724
telegraph,pakistan,120,https://cdn.glitch.global/46639e58-58ca-4804-8212-3dff4efcf484/telegraph_logo.svg?v=1724286361724
telegraph,englands,120,https://cdn.glitch.global/46639e58-58ca-4804-8212-3dff4efcf484/telegraph_logo.svg?v=1724286361724
telegraph,family,119,https://cdn.glitch.global/46639e58-58ca-4804-8212-3dff4efcf484/telegraph_logo.svg?v=1724286361724
telegraph,test,118,https://cdn.glitch.global/46639e58-58ca-4804-8212-3dff4efcf484/telegraph_logo.svg?v=1724286361724
telegraph,away,117,https://cdn.glitch.global/46639e58-58ca-4804-8212-3dff4efcf484/telegraph_logo.svg?v=1724286361724
telegraph,rana,112,https://cdn.glitch.global/46639e58-58ca-4804-8212-3dff4efcf484/telegraph_logo.svg?v=1724286361724
telegraph,need,104,https://cdn.glitch.global/46639e58-58ca-4804-8212-3dff4efcf484/telegraph_logo.svg?v=1724286361724
telegraph,second,104,https://cdn.glitch.global/46639e58-58ca-4804-8212-3dff4efcf484/telegraph_logo.svg?v=1724286361724
telegraph,overs,104,https://cdn.glitch.global/46639e58-58ca-4804-8212-3dff4efcf484/telegraph_logo.svg?v=1724286361724
telegraph,short,103,https://cdn.glitch.global/46639e58-58ca-4804-8212-3dff4efcf484/telegraph_logo.svg?v=1724286361724
telegraph,attack,102,https://cdn.glitch.global/46639e58-58ca-4804-8212-3dff4efcf484/telegraph_logo.svg?v=1724286361724
telegraph,conditions,101,https://cdn.glitch.global/46639e58-58ca-4804-8212-3dff4efcf484/telegraph_logo.svg?v=1724286361724
telegraph,factories,101,https://cdn.glitch.global/46639e58-58ca-4804-8212-3dff4efcf484/telegraph_logo.svg?v=1724286361724
telegraph,million,99,https://cdn.glitch.global/46639e58-58ca-4804-8212-3dff4efcf484/telegraph_logo.svg?v=1724286361724
telegraph,rohingya,99,https://cdn.glitch.global/46639e58-58ca-4804-8212-3dff4efcf484/telegraph_logo.svg?v=1724286361724
telegraph,runs,99,https://cdn.glitch.global/46639e58-58ca-4804-8212-3dff4efcf484/telegraph_logo.svg?v=1724286361724
telegraph,inside,98,https://cdn.glitch.global/46639e58-58ca-4804-8212-3dff4efcf484/telegraph_logo.svg?v=1724286361724
telegraph,das,98,https://cdn.glitch.global/46639e58-58ca-4804-8212-3dff4efcf484/telegraph_logo.svg?v=1724286361724
telegraph,leg,98,https://cdn.glitch.global/46639e58-58ca-4804-8212-3dff4efcf484/telegraph_logo.svg?v=1724286361724
telegraph,rashid,97,https://cdn.glitch.global/46639e58-58ca-4804-8212-3dff4efcf484/telegraph_logo.svg?v=1724286361724
telegraph,days,96,https://cdn.glitch.global/46639e58-58ca-4804-8212-3dff4efcf484/telegraph_logo.svg?v=1724286361724
telegraph,rights,95,https://cdn.glitch.global/46639e58-58ca-4804-8212-3dff4efcf484/telegraph_logo.svg?v=1724286361724
telegraph,south,93,https://cdn.glitch.global/46639e58-58ca-4804-8212-3dff4efcf484/telegraph_logo.svg?v=1724286361724
telegraph,long,92,https://cdn.glitch.global/46639e58-58ca-4804-8212-3dff4efcf484/telegraph_logo.svg?v=1724286361724
telegraph,party,92,https://cdn.glitch.global/46639e58-58ca-4804-8212-3dff4efcf484/telegraph_logo.svg?v=1724286361724
telegraph,match,91,https://cdn.glitch.global/46639e58-58ca-4804-8212-3dff4efcf484/telegraph_logo.svg?v=1724286361724
telegraph,collapse,91,https://cdn.glitch.global/46639e58-58ca-4804-8212-3dff4efcf484/telegraph_logo.svg?v=1724286361724
telegraph,minister,90,https://cdn.glitch.global/46639e58-58ca-4804-8212-3dff4efcf484/telegraph_logo.svg?v=1724286361724
telegraph,wickets,90,https://cdn.glitch.global/46639e58-58ca-4804-8212-3dff4efcf484/telegraph_logo.svg?v=1724286361724
telegraph,far,89,https://cdn.glitch.global/46639e58-58ca-4804-8212-3dff4efcf484/telegraph_logo.svg?v=1724286361724
telegraph,group,89,https://cdn.glitch.global/46639e58-58ca-4804-8212-3dff4efcf484/telegraph_logo.svg?v=1724286361724
telegraph,wicket,89,https://cdn.glitch.global/46639e58-58ca-4804-8212-3dff4efcf484/telegraph_logo.svg?v=1724286361724
telegraph,hit,88,https://cdn.glitch.global/46639e58-58ca-4804-8212-3dff4efcf484/telegraph_logo.svg?v=1724286361724
telegraph,rahman,88,https://cdn.glitch.global/46639e58-58ca-4804-8212-3dff4efcf484/telegraph_logo.svg?v=1724286361724
telegraph,countrys,87,https://cdn.glitch.global/46639e58-58ca-4804-8212-3dff4efcf484/telegraph_logo.svg?v=1724286361724
telegraph,working,87,https://cdn.glitch.global/46639e58-58ca-4804-8212-3dff4efcf484/telegraph_logo.svg?v=1724286361724
telegraph,left,86,https://cdn.glitch.global/46639e58-58ca-4804-8212-3dff4efcf484/telegraph_logo.svg?v=1724286361724
telegraph,moeen,86,https://cdn.glitch.global/46639e58-58ca-4804-8212-3dff4efcf484/telegraph_logo.svg?v=1724286361724
telegraph,woakes,85,https://cdn.glitch.global/46639e58-58ca-4804-8212-3dff4efcf484/telegraph_logo.svg?v=1724286361724
telegraph,high,84,https://cdn.glitch.global/46639e58-58ca-4804-8212-3dff4efcf484/telegraph_logo.svg?v=1724286361724
telegraph,local,84,https://cdn.glitch.global/46639e58-58ca-4804-8212-3dff4efcf484/telegraph_logo.svg?v=1724286361724
telegraph,run,84,https://cdn.glitch.global/46639e58-58ca-4804-8212-3dff4efcf484/telegraph_logo.svg?v=1724286361724
telegraph,safety,83,https://cdn.glitch.global/46639e58-58ca-4804-8212-3dff4efcf484/telegraph_logo.svg?v=1724286361724
telegraph,win,83,https://cdn.glitch.global/46639e58-58ca-4804-8212-3dff4efcf484/telegraph_logo.svg?v=1724286361724
telegraph,start,82,https://cdn.glitch.global/46639e58-58ca-4804-8212-3dff4efcf484/telegraph_logo.svg?v=1724286361724
telegraph,children,81,https://cdn.glitch.global/46639e58-58ca-4804-8212-3dff4efcf484/telegraph_logo.svg?v=1724286361724
telegraph,dont,81,https://cdn.glitch.global/46639e58-58ca-4804-8212-3dff4efcf484/telegraph_logo.svg?v=1724286361724
telegraph,innings,81,https://cdn.glitch.global/46639e58-58ca-4804-8212-3dff4efcf484/telegraph_logo.svg?v=1724286361724
telegraph,mahmudullah,81,https://cdn.glitch.global/46639e58-58ca-4804-8212-3dff4efcf484/telegraph_logo.svg?v=1724286361724
telegraph,took,80,https://cdn.glitch.global/46639e58-58ca-4804-8212-3dff4efcf484/telegraph_logo.svg?v=1724286361724
telegraph,hasan,80,https://cdn.glitch.global/46639e58-58ca-4804-8212-3dff4efcf484/telegraph_logo.svg?v=1724286361724
telegraph,end,79,https://cdn.glitch.global/46639e58-58ca-4804-8212-3dff4efcf484/telegraph_logo.svg?v=1724286361724
telegraph,war,79,https://cdn.glitch.global/46639e58-58ca-4804-8212-3dff4efcf484/telegraph_logo.svg?v=1724286361724
telegraph,buttler,79,https://cdn.glitch.global/46639e58-58ca-4804-8212-3dff4efcf484/telegraph_logo.svg?v=1724286361724
telegraph,know,78,https://cdn.glitch.global/46639e58-58ca-4804-8212-3dff4efcf484/telegraph_logo.svg?v=1724286361724
telegraph,outside,78,https://cdn.glitch.global/46639e58-58ca-4804-8212-3dff4efcf484/telegraph_logo.svg?v=1724286361724
telegraph,plaza,78,https://cdn.glitch.global/46639e58-58ca-4804-8212-3dff4efcf484/telegraph_logo.svg?v=1724286361724
telegraph,set,77,https://cdn.glitch.global/46639e58-58ca-4804-8212-3dff4efcf484/telegraph_logo.svg?v=1724286361724
telegraph,opposition,76,https://cdn.glitch.global/46639e58-58ca-4804-8212-3dff4efcf484/telegraph_logo.svg?v=1724286361724
telegraph,captain,76,https://cdn.glitch.global/46639e58-58ca-4804-8212-3dff4efcf484/telegraph_logo.svg?v=1724286361724
telegraph,bowling,76,https://cdn.glitch.global/46639e58-58ca-4804-8212-3dff4efcf484/telegraph_logo.svg?v=1724286361724
telegraph,ground,75,https://cdn.glitch.global/46639e58-58ca-4804-8212-3dff4efcf484/telegraph_logo.svg?v=1724286361724
BBC,people,636,https://cdn.glitch.global/46639e58-58ca-4804-8212-3dff4efcf484/bbc_logo.svg?v=1724286316058
BBC,external,473,https://cdn.glitch.global/46639e58-58ca-4804-8212-3dff4efcf484/bbc_logo.svg?v=1724286316058
BBC,government,408,https://cdn.glitch.global/46639e58-58ca-4804-8212-3dff4efcf484/bbc_logo.svg?v=1724286316058
BBC,dhaka,408,https://cdn.glitch.global/46639e58-58ca-4804-8212-3dff4efcf484/bbc_logo.svg?v=1724286316058
BBC,police,392,https://cdn.glitch.global/46639e58-58ca-4804-8212-3dff4efcf484/bbc_logo.svg?v=1724286316058
BBC,bangladeshi,261,https://cdn.glitch.global/46639e58-58ca-4804-8212-3dff4efcf484/bbc_logo.svg?v=1724286316058
BBC,killed,258,https://cdn.glitch.global/46639e58-58ca-4804-8212-3dff4efcf484/bbc_logo.svg?v=1724286316058
BBC,responsible,252,https://cdn.glitch.global/46639e58-58ca-4804-8212-3dff4efcf484/bbc_logo.svg?v=1724286316058
BBC,approach,243,https://cdn.glitch.global/46639e58-58ca-4804-8212-3dff4efcf484/bbc_logo.svg?v=1724286316058
BBC,country,243,https://cdn.glitch.global/46639e58-58ca-4804-8212-3dff4efcf484/bbc_logo.svg?v=1724286316058
BBC,linking,236,https://cdn.glitch.global/46639e58-58ca-4804-8212-3dff4efcf484/bbc_logo.svg?v=1724286316058
BBC,sitesread,235,https://cdn.glitch.global/46639e58-58ca-4804-8212-3dff4efcf484/bbc_logo.svg?v=1724286316058
BBC,party,209,https://cdn.glitch.global/46639e58-58ca-4804-8212-3dff4efcf484/bbc_logo.svg?v=1724286316058
BBC,death,205,https://cdn.glitch.global/46639e58-58ca-4804-8212-3dff4efcf484/bbc_logo.svg?v=1724286316058
BBC,minister,203,https://cdn.glitch.global/46639e58-58ca-4804-8212-3dff4efcf484/bbc_logo.svg?v=1724286316058
BBC,bangladeshs,203,https://cdn.glitch.global/46639e58-58ca-4804-8212-3dff4efcf484/bbc_logo.svg?v=1724286316058
BBC,opposition,197,https://cdn.glitch.global/46639e58-58ca-4804-8212-3dff4efcf484/bbc_logo.svg?v=1724286316058
BBC,years,191,https://cdn.glitch.global/46639e58-58ca-4804-8212-3dff4efcf484/bbc_logo.svg?v=1724286316058
BBC,local,185,https://cdn.glitch.global/46639e58-58ca-4804-8212-3dff4efcf484/bbc_logo.svg?v=1724286316058
BBC,hasina,177,https://cdn.glitch.global/46639e58-58ca-4804-8212-3dff4efcf484/bbc_logo.svg?v=1724286316058
BBC,india,176,https://cdn.glitch.global/46639e58-58ca-4804-8212-3dff4efcf484/bbc_logo.svg?v=1724286316058
BBC,attack,174,https://cdn.glitch.global/46639e58-58ca-4804-8212-3dff4efcf484/bbc_logo.svg?v=1724286316058
BBC,ms,160,https://cdn.glitch.global/46639e58-58ca-4804-8212-3dff4efcf484/bbc_logo.svg?v=1724286316058
BBC,rohingya,157,https://cdn.glitch.global/46639e58-58ca-4804-8212-3dff4efcf484/bbc_logo.svg?v=1724286316058
BBC,war,156,https://cdn.glitch.global/46639e58-58ca-4804-8212-3dff4efcf484/bbc_logo.svg?v=1724286316058
BBC,officials,150,https://cdn.glitch.global/46639e58-58ca-4804-8212-3dff4efcf484/bbc_logo.svg?v=1724286316058
BBC,sheikh,149,https://cdn.glitch.global/46639e58-58ca-4804-8212-3dff4efcf484/bbc_logo.svg?v=1724286316058
BBC,attacks,145,https://cdn.glitch.global/46639e58-58ca-4804-8212-3dff4efcf484/bbc_logo.svg?v=1724286316058
BBC,islamist,145,https://cdn.glitch.global/46639e58-58ca-4804-8212-3dff4efcf484/bbc_logo.svg?v=1724286316058
BBC,group,144,https://cdn.glitch.global/46639e58-58ca-4804-8212-3dff4efcf484/bbc_logo.svg?v=1724286316058
BBC,myanmar,142,https://cdn.glitch.global/46639e58-58ca-4804-8212-3dff4efcf484/bbc_logo.svg?v=1724286316058
BBC,died,139,https://cdn.glitch.global/46639e58-58ca-4804-8212-3dff4efcf484/bbc_logo.svg?v=1724286316058
BBC,home,139,https://cdn.glitch.global/46639e58-58ca-4804-8212-3dff4efcf484/bbc_logo.svg?v=1724286316058
BBC,groups,130,https://cdn.glitch.global/46639e58-58ca-4804-8212-3dff4efcf484/bbc_logo.svg?v=1724286316058
BBC,violence,128,https://cdn.glitch.global/46639e58-58ca-4804-8212-3dff4efcf484/bbc_logo.svg?v=1724286316058
BBC,state,128,https://cdn.glitch.global/46639e58-58ca-4804-8212-3dff4efcf484/bbc_logo.svg?v=1724286316058
BBC,security,124,https://cdn.glitch.global/46639e58-58ca-4804-8212-3dff4efcf484/bbc_logo.svg?v=1724286316058
BBC,islam,124,https://cdn.glitch.global/46639e58-58ca-4804-8212-3dff4efcf484/bbc_logo.svg?v=1724286316058
BBC,news,123,https://cdn.glitch.global/46639e58-58ca-4804-8212-3dff4efcf484/bbc_logo.svg?v=1724286316058
BBC,building,123,https://cdn.glitch.global/46639e58-58ca-4804-8212-3dff4efcf484/bbc_logo.svg?v=1724286316058
BBC,prime,122,https://cdn.glitch.global/46639e58-58ca-4804-8212-3dff4efcf484/bbc_logo.svg?v=1724286316058
BBC,family,122,https://cdn.glitch.global/46639e58-58ca-4804-8212-3dff4efcf484/bbc_logo.svg?v=1724286316058
BBC,played,117,https://cdn.glitch.global/46639e58-58ca-4804-8212-3dff4efcf484/bbc_logo.svg?v=1724286316058
BBC,rights,115,https://cdn.glitch.global/46639e58-58ca-4804-8212-3dff4efcf484/bbc_logo.svg?v=1724286316058
BBC,thousands,115,https://cdn.glitch.global/46639e58-58ca-4804-8212-3dff4efcf484/bbc_logo.svg?v=1724286316058
BBC,bnp,114,https://cdn.glitch.global/46639e58-58ca-4804-8212-3dff4efcf484/bbc_logo.svg?v=1724286316058
BBC,capital,114,https://cdn.glitch.global/46639e58-58ca-4804-8212-3dff4efcf484/bbc_logo.svg?v=1724286316058
BBC,countrys,113,https://cdn.glitch.global/46639e58-58ca-4804-8212-3dff4efcf484/bbc_logo.svg?v=1724286316058
BBC,protests,111,https://cdn.glitch.global/46639e58-58ca-4804-8212-3dff4efcf484/bbc_logo.svg?v=1724286316058
BBC,international,110,https://cdn.glitch.global/46639e58-58ca-4804-8212-3dff4efcf484/bbc_logo.svg?v=1724286316058
BBC,million,110,https://cdn.glitch.global/46639e58-58ca-4804-8212-3dff4efcf484/bbc_logo.svg?v=1724286316058
BBC,pakistan,110,https://cdn.glitch.global/46639e58-58ca-4804-8212-3dff4efcf484/bbc_logo.svg?v=1724286316058
BBC,league,108,https://cdn.glitch.global/46639e58-58ca-4804-8212-3dff4efcf484/bbc_logo.svg?v=1724286316058
BBC,islamic,107,https://cdn.glitch.global/46639e58-58ca-4804-8212-3dff4efcf484/bbc_logo.svg?v=1724286316058
BBC,awami,106,https://cdn.glitch.global/46639e58-58ca-4804-8212-3dff4efcf484/bbc_logo.svg?v=1724286316058
BBC,leader,105,https://cdn.glitch.global/46639e58-58ca-4804-8212-3dff4efcf484/bbc_logo.svg?v=1724286316058
BBC,activists,103,https://cdn.glitch.global/46639e58-58ca-4804-8212-3dff4efcf484/bbc_logo.svg?v=1724286316058
BBC,election,101,https://cdn.glitch.global/46639e58-58ca-4804-8212-3dff4efcf484/bbc_logo.svg?v=1724286316058
BBC,number,101,https://cdn.glitch.global/46639e58-58ca-4804-8212-3dff4efcf484/bbc_logo.svg?v=1724286316058
BBC,media,99,https://cdn.glitch.global/46639e58-58ca-4804-8212-3dff4efcf484/bbc_logo.svg?v=1724286316058
BBC,accused,99,https://cdn.glitch.global/46639e58-58ca-4804-8212-3dff4efcf484/bbc_logo.svg?v=1724286316058
BBC,authorities,99,https://cdn.glitch.global/46639e58-58ca-4804-8212-3dff4efcf484/bbc_logo.svg?v=1724286316058
BBC,court,99,https://cdn.glitch.global/46639e58-58ca-4804-8212-3dff4efcf484/bbc_logo.svg?v=1724286316058
BBC,secular,98,https://cdn.glitch.global/46639e58-58ca-4804-8212-3dff4efcf484/bbc_logo.svg?v=1724286316058
BBC,bloggers,98,https://cdn.glitch.global/46639e58-58ca-4804-8212-3dff4efcf484/bbc_logo.svg?v=1724286316058
BBC,militants,97,https://cdn.glitch.global/46639e58-58ca-4804-8212-3dff4efcf484/bbc_logo.svg?v=1724286316058
BBC,hundreds,96,https://cdn.glitch.global/46639e58-58ca-4804-8212-3dff4efcf484/bbc_logo.svg?v=1724286316058
BBC,crimes,95,https://cdn.glitch.global/46639e58-58ca-4804-8212-3dff4efcf484/bbc_logo.svg?v=1724286316058
BBC,cafe,94,https://cdn.glitch.global/46639e58-58ca-4804-8212-3dff4efcf484/bbc_logo.svg?v=1724286316058
BBC,workers,92,https://cdn.glitch.global/46639e58-58ca-4804-8212-3dff4efcf484/bbc_logo.svg?v=1724286316058
BBC,factory,92,https://cdn.glitch.global/46639e58-58ca-4804-8212-3dff4efcf484/bbc_logo.svg?v=1724286316058
BBC,supporters,91,https://cdn.glitch.global/46639e58-58ca-4804-8212-3dff4efcf484/bbc_logo.svg?v=1724286316058
BBC,safety,91,https://cdn.glitch.global/46639e58-58ca-4804-8212-3dff4efcf484/bbc_logo.svg?v=1724286316058
BBC,killing,91,https://cdn.glitch.global/46639e58-58ca-4804-8212-3dff4efcf484/bbc_logo.svg?v=1724286316058
BBC,men,91,https://cdn.glitch.global/46639e58-58ca-4804-8212-3dff4efcf484/bbc_logo.svg?v=1724286316058
BBC,leaders,90,https://cdn.glitch.global/46639e58-58ca-4804-8212-3dff4efcf484/bbc_logo.svg?v=1724286316058
BBC,killings,90,https://cdn.glitch.global/46639e58-58ca-4804-8212-3dff4efcf484/bbc_logo.svg?v=1724286316058
BBC,agency,90,https://cdn.glitch.global/46639e58-58ca-4804-8212-3dff4efcf484/bbc_logo.svg?v=1724286316058
BBC,days,90,https://cdn.glitch.global/46639e58-58ca-4804-8212-3dff4efcf484/bbc_logo.svg?v=1724286316058
BBC,indian,88,https://cdn.glitch.global/46639e58-58ca-4804-8212-3dff4efcf484/bbc_logo.svg?v=1724286316058
BBC,political,87,https://cdn.glitch.global/46639e58-58ca-4804-8212-3dff4efcf484/bbc_logo.svg?v=1724286316058
BBC,left,87,https://cdn.glitch.global/46639e58-58ca-4804-8212-3dff4efcf484/bbc_logo.svg?v=1724286316058
BBC,area,85,https://cdn.glitch.global/46639e58-58ca-4804-8212-3dff4efcf484/bbc_logo.svg?v=1724286316058
BBC,district,85,https://cdn.glitch.global/46639e58-58ca-4804-8212-3dff4efcf484/bbc_logo.svg?v=1724286316058
BBC,reports,85,https://cdn.glitch.global/46639e58-58ca-4804-8212-3dff4efcf484/bbc_logo.svg?v=1724286316058
BBC,chittagong,84,https://cdn.glitch.global/46639e58-58ca-4804-8212-3dff4efcf484/bbc_logo.svg?v=1724286316058
BBC,used,84,https://cdn.glitch.global/46639e58-58ca-4804-8212-3dff4efcf484/bbc_logo.svg?v=1724286316058
BBC,human,83,https://cdn.glitch.global/46639e58-58ca-4804-8212-3dff4efcf484/bbc_logo.svg?v=1724286316058
BBC,independence,83,https://cdn.glitch.global/46639e58-58ca-4804-8212-3dff4efcf484/bbc_logo.svg?v=1724286316058
BBC,injured,82,https://cdn.glitch.global/46639e58-58ca-4804-8212-3dff4efcf484/bbc_logo.svg?v=1724286316058
BBC,afp,82,https://cdn.glitch.global/46639e58-58ca-4804-8212-3dff4efcf484/bbc_logo.svg?v=1724286316058
BBC,arrested,81,https://cdn.glitch.global/46639e58-58ca-4804-8212-3dff4efcf484/bbc_logo.svg?v=1724286316058
BBC,city,81,https://cdn.glitch.global/46639e58-58ca-4804-8212-3dff4efcf484/bbc_logo.svg?v=1724286316058
BBC,dead,80,https://cdn.glitch.global/46639e58-58ca-4804-8212-3dff4efcf484/bbc_logo.svg?v=1724286316058
BBC,rahman,80,https://cdn.glitch.global/46639e58-58ca-4804-8212-3dff4efcf484/bbc_logo.svg?v=1724286316058
BBC,army,80,https://cdn.glitch.global/46639e58-58ca-4804-8212-3dff4efcf484/bbc_logo.svg?v=1724286316058
BBC,religious,80,https://cdn.glitch.global/46639e58-58ca-4804-8212-3dff4efcf484/bbc_logo.svg?v=1724286316058
BBC,members,80,https://cdn.glitch.global/46639e58-58ca-4804-8212-3dff4efcf484/bbc_logo.svg?v=1724286316058
BBC,world,79,https://cdn.glitch.global/46639e58-58ca-4804-8212-3dff4efcf484/bbc_logo.svg?v=1724286316058
BBC,garment,79,https://cdn.glitch.global/46639e58-58ca-4804-8212-3dff4efcf484/bbc_logo.svg?v=1724286316058
foxnews,people,575,https://cdn.glitch.global/46639e58-58ca-4804-8212-3dff4efcf484/foxnews_logo.svg?v=1724286338390
foxnews,dhaka,468,https://cdn.glitch.global/46639e58-58ca-4804-8212-3dff4efcf484/foxnews_logo.svg?v=1724286338390
foxnews,police,446,https://cdn.glitch.global/46639e58-58ca-4804-8212-3dff4efcf484/foxnews_logo.svg?v=1724286338390
foxnews,government,379,https://cdn.glitch.global/46639e58-58ca-4804-8212-3dff4efcf484/foxnews_logo.svg?v=1724286338390
foxnews,war,320,https://cdn.glitch.global/46639e58-58ca-4804-8212-3dff4efcf484/foxnews_logo.svg?v=1724286338390
foxnews,garment,309,https://cdn.glitch.global/46639e58-58ca-4804-8212-3dff4efcf484/foxnews_logo.svg?v=1724286338390
foxnews,party,307,https://cdn.glitch.global/46639e58-58ca-4804-8212-3dff4efcf484/foxnews_logo.svg?v=1724286338390
foxnews,minister,292,https://cdn.glitch.global/46639e58-58ca-4804-8212-3dff4efcf484/foxnews_logo.svg?v=1724286338390
foxnews,building,275,https://cdn.glitch.global/46639e58-58ca-4804-8212-3dff4efcf484/foxnews_logo.svg?v=1724286338390
foxnews,bangladeshs,258,https://cdn.glitch.global/46639e58-58ca-4804-8212-3dff4efcf484/foxnews_logo.svg?v=1724286338390
foxnews,workers,245,https://cdn.glitch.global/46639e58-58ca-4804-8212-3dff4efcf484/foxnews_logo.svg?v=1724286338390
foxnews,killed,236,https://cdn.glitch.global/46639e58-58ca-4804-8212-3dff4efcf484/foxnews_logo.svg?v=1724286338390
foxnews,opposition,234,https://cdn.glitch.global/46639e58-58ca-4804-8212-3dff4efcf484/foxnews_logo.svg?v=1724286338390
foxnews,death,228,https://cdn.glitch.global/46639e58-58ca-4804-8212-3dff4efcf484/foxnews_logo.svg?v=1724286338390
foxnews,group,222,https://cdn.glitch.global/46639e58-58ca-4804-8212-3dff4efcf484/foxnews_logo.svg?v=1724286338390
foxnews,factory,210,https://cdn.glitch.global/46639e58-58ca-4804-8212-3dff4efcf484/foxnews_logo.svg?v=1724286338390
foxnews,security,201,https://cdn.glitch.global/46639e58-58ca-4804-8212-3dff4efcf484/foxnews_logo.svg?v=1724286338390
foxnews,factories,178,https://cdn.glitch.global/46639e58-58ca-4804-8212-3dff4efcf484/foxnews_logo.svg?v=1724286338390
foxnews,official,176,https://cdn.glitch.global/46639e58-58ca-4804-8212-3dff4efcf484/foxnews_logo.svg?v=1724286338390
foxnews,prime,175,https://cdn.glitch.global/46639e58-58ca-4804-8212-3dff4efcf484/foxnews_logo.svg?v=1724286338390
foxnews,hasina,174,https://cdn.glitch.global/46639e58-58ca-4804-8212-3dff4efcf484/foxnews_logo.svg?v=1724286338390
foxnews,million,172,https://cdn.glitch.global/46639e58-58ca-4804-8212-3dff4efcf484/foxnews_logo.svg?v=1724286338390
foxnews,officials,169,https://cdn.glitch.global/46639e58-58ca-4804-8212-3dff4efcf484/foxnews_logo.svg?v=1724286338390
foxnews,crimes,166,https://cdn.glitch.global/46639e58-58ca-4804-8212-3dff4efcf484/foxnews_logo.svg?v=1724286338390
foxnews,countrys,164,https://cdn.glitch.global/46639e58-58ca-4804-8212-3dff4efcf484/foxnews_logo.svg?v=1724286338390
foxnews,capital,162,https://cdn.glitch.global/46639e58-58ca-4804-8212-3dff4efcf484/foxnews_logo.svg?v=1724286338390
foxnews,country,161,https://cdn.glitch.global/46639e58-58ca-4804-8212-3dff4efcf484/foxnews_logo.svg?v=1724286338390
foxnews,authorities,158,https://cdn.glitch.global/46639e58-58ca-4804-8212-3dff4efcf484/foxnews_logo.svg?v=1724286338390
foxnews,court,158,https://cdn.glitch.global/46639e58-58ca-4804-8212-3dff4efcf484/foxnews_logo.svg?v=1724286338390
foxnews,bangladeshi,156,https://cdn.glitch.global/46639e58-58ca-4804-8212-3dff4efcf484/foxnews_logo.svg?v=1724286338390
foxnews,sheikh,155,https://cdn.glitch.global/46639e58-58ca-4804-8212-3dff4efcf484/foxnews_logo.svg?v=1724286338390
foxnews,local,154,https://cdn.glitch.global/46639e58-58ca-4804-8212-3dff4efcf484/foxnews_logo.svg?v=1724286338390
foxnews,rana,150,https://cdn.glitch.global/46639e58-58ca-4804-8212-3dff4efcf484/foxnews_logo.svg?v=1724286338390
foxnews,independence,146,https://cdn.glitch.global/46639e58-58ca-4804-8212-3dff4efcf484/foxnews_logo.svg?v=1724286338390
foxnews,rights,144,https://cdn.glitch.global/46639e58-58ca-4804-8212-3dff4efcf484/foxnews_logo.svg?v=1724286338390
foxnews,jamaateislami,140,https://cdn.glitch.global/46639e58-58ca-4804-8212-3dff4efcf484/foxnews_logo.svg?v=1724286338390
foxnews,leader,138,https://cdn.glitch.global/46639e58-58ca-4804-8212-3dff4efcf484/foxnews_logo.svg?v=1724286338390
foxnews,saturday,135,https://cdn.glitch.global/46639e58-58ca-4804-8212-3dff4efcf484/foxnews_logo.svg?v=1724286338390
foxnews,islamic,130,https://cdn.glitch.global/46639e58-58ca-4804-8212-3dff4efcf484/foxnews_logo.svg?v=1724286338390
foxnews,rohingya,128,https://cdn.glitch.global/46639e58-58ca-4804-8212-3dff4efcf484/foxnews_logo.svg?v=1724286338390
foxnews,rahman,121,https://cdn.glitch.global/46639e58-58ca-4804-8212-3dff4efcf484/foxnews_logo.svg?v=1724286338390
foxnews,years,119,https://cdn.glitch.global/46639e58-58ca-4804-8212-3dff4efcf484/foxnews_logo.svg?v=1724286338390
foxnews,home,118,https://cdn.glitch.global/46639e58-58ca-4804-8212-3dff4efcf484/foxnews_logo.svg?v=1724286338390
foxnews,forces,114,https://cdn.glitch.global/46639e58-58ca-4804-8212-3dff4efcf484/foxnews_logo.svg?v=1724286338390
foxnews,islam,114,https://cdn.glitch.global/46639e58-58ca-4804-8212-3dff4efcf484/foxnews_logo.svg?v=1724286338390
foxnews,attack,114,https://cdn.glitch.global/46639e58-58ca-4804-8212-3dff4efcf484/foxnews_logo.svg?v=1724286338390
foxnews,sunday,111,https://cdn.glitch.global/46639e58-58ca-4804-8212-3dff4efcf484/foxnews_logo.svg?v=1724286338390
foxnews,leaders,108,https://cdn.glitch.global/46639e58-58ca-4804-8212-3dff4efcf484/foxnews_logo.svg?v=1724286338390
foxnews,arrested,108,https://cdn.glitch.global/46639e58-58ca-4804-8212-3dff4efcf484/foxnews_logo.svg?v=1724286338390
foxnews,zia,106,https://cdn.glitch.global/46639e58-58ca-4804-8212-3dff4efcf484/foxnews_logo.svg?v=1724286338390
foxnews,members,105,https://cdn.glitch.global/46639e58-58ca-4804-8212-3dff4efcf484/foxnews_logo.svg?v=1724286338390
foxnews,family,105,https://cdn.glitch.global/46639e58-58ca-4804-8212-3dff4efcf484/foxnews_logo.svg?v=1724286338390
foxnews,protests,103,https://cdn.glitch.global/46639e58-58ca-4804-8212-3dff4efcf484/foxnews_logo.svg?v=1724286338390
foxnews,bodies,102,https://cdn.glitch.global/46639e58-58ca-4804-8212-3dff4efcf484/foxnews_logo.svg?v=1724286338390
foxnews,myanmar,102,https://cdn.glitch.global/46639e58-58ca-4804-8212-3dff4efcf484/foxnews_logo.svg?v=1724286338390
foxnews,violence,102,https://cdn.glitch.global/46639e58-58ca-4804-8212-3dff4efcf484/foxnews_logo.svg?v=1724286338390
foxnews,industry,102,https://cdn.glitch.global/46639e58-58ca-4804-8212-3dff4efcf484/foxnews_logo.svg?v=1724286338390
foxnews,monday,97,https://cdn.glitch.global/46639e58-58ca-4804-8212-3dff4efcf484/foxnews_logo.svg?v=1724286338390
foxnews,attacks,96,https://cdn.glitch.global/46639e58-58ca-4804-8212-3dff4efcf484/foxnews_logo.svg?v=1724286338390
foxnews,senior,96,https://cdn.glitch.global/46639e58-58ca-4804-8212-3dff4efcf484/foxnews_logo.svg?v=1724286338390
foxnews,set,96,https://cdn.glitch.global/46639e58-58ca-4804-8212-3dff4efcf484/foxnews_logo.svg?v=1724286338390
foxnews,died,94,https://cdn.glitch.global/46639e58-58ca-4804-8212-3dff4efcf484/foxnews_logo.svg?v=1724286338390
foxnews,safety,94,https://cdn.glitch.global/46639e58-58ca-4804-8212-3dff4efcf484/foxnews_logo.svg?v=1724286338390
foxnews,trials,93,https://cdn.glitch.global/46639e58-58ca-4804-8212-3dff4efcf484/foxnews_logo.svg?v=1724286338390
foxnews,groups,92,https://cdn.glitch.global/46639e58-58ca-4804-8212-3dff4efcf484/foxnews_logo.svg?v=1724286338390
foxnews,injured,92,https://cdn.glitch.global/46639e58-58ca-4804-8212-3dff4efcf484/foxnews_logo.svg?v=1724286338390
foxnews,sentenced,92,https://cdn.glitch.global/46639e58-58ca-4804-8212-3dff4efcf484/foxnews_logo.svg?v=1724286338390
foxnews,main,91,https://cdn.glitch.global/46639e58-58ca-4804-8212-3dff4efcf484/foxnews_logo.svg?v=1724286338390
foxnews,dead,90,https://cdn.glitch.global/46639e58-58ca-4804-8212-3dff4efcf484/foxnews_logo.svg?v=1724286338390
foxnews,pakistan,90,https://cdn.glitch.global/46639e58-58ca-4804-8212-3dff4efcf484/foxnews_logo.svg?v=1724286338390
foxnews,district,88,https://cdn.glitch.global/46639e58-58ca-4804-8212-3dff4efcf484/foxnews_logo.svg?v=1724286338390
foxnews,owners,87,https://cdn.glitch.global/46639e58-58ca-4804-8212-3dff4efcf484/foxnews_logo.svg?v=1724286338390
foxnews,plaza,87,https://cdn.glitch.global/46639e58-58ca-4804-8212-3dff4efcf484/foxnews_logo.svg?v=1724286338390
foxnews,political,87,https://cdn.glitch.global/46639e58-58ca-4804-8212-3dff4efcf484/foxnews_logo.svg?v=1724286338390
foxnews,state,86,https://cdn.glitch.global/46639e58-58ca-4804-8212-3dff4efcf484/foxnews_logo.svg?v=1724286338390
foxnews,thursday,86,https://cdn.glitch.global/46639e58-58ca-4804-8212-3dff4efcf484/foxnews_logo.svg?v=1724286338390
foxnews,charges,86,https://cdn.glitch.global/46639e58-58ca-4804-8212-3dff4efcf484/foxnews_logo.svg?v=1724286338390
foxnews,tribunal,84,https://cdn.glitch.global/46639e58-58ca-4804-8212-3dff4efcf484/foxnews_logo.svg?v=1724286338390
foxnews,outside,83,https://cdn.glitch.global/46639e58-58ca-4804-8212-3dff4efcf484/foxnews_logo.svg?v=1724286338390
foxnews,collapsed,83,https://cdn.glitch.global/46639e58-58ca-4804-8212-3dff4efcf484/foxnews_logo.svg?v=1724286338390
foxnews,friday,82,https://cdn.glitch.global/46639e58-58ca-4804-8212-3dff4efcf484/foxnews_logo.svg?v=1724286338390
foxnews,women,82,https://cdn.glitch.global/46639e58-58ca-4804-8212-3dff4efcf484/foxnews_logo.svg?v=1724286338390
foxnews,thousands,81,https://cdn.glitch.global/46639e58-58ca-4804-8212-3dff4efcf484/foxnews_logo.svg?v=1724286338390
foxnews,hossain,81,https://cdn.glitch.global/46639e58-58ca-4804-8212-3dff4efcf484/foxnews_logo.svg?v=1724286338390
foxnews,sentence,81,https://cdn.glitch.global/46639e58-58ca-4804-8212-3dff4efcf484/foxnews_logo.svg?v=1724286338390
foxnews,killing,80,https://cdn.glitch.global/46639e58-58ca-4804-8212-3dff4efcf484/foxnews_logo.svg?v=1724286338390
foxnews,report,80,https://cdn.glitch.global/46639e58-58ca-4804-8212-3dff4efcf484/foxnews_logo.svg?v=1724286338390
foxnews,late,79,https://cdn.glitch.global/46639e58-58ca-4804-8212-3dff4efcf484/foxnews_logo.svg?v=1724286338390
foxnews,largest,79,https://cdn.glitch.global/46639e58-58ca-4804-8212-3dff4efcf484/foxnews_logo.svg?v=1724286338390
foxnews,collapse,79,https://cdn.glitch.global/46639e58-58ca-4804-8212-3dff4efcf484/foxnews_logo.svg?v=1724286338390
foxnews,islamist,78,https://cdn.glitch.global/46639e58-58ca-4804-8212-3dff4efcf484/foxnews_logo.svg?v=1724286338390
foxnews,months,77,https://cdn.glitch.global/46639e58-58ca-4804-8212-3dff4efcf484/foxnews_logo.svg?v=1724286338390
foxnews,left,77,https://cdn.glitch.global/46639e58-58ca-4804-8212-3dff4efcf484/foxnews_logo.svg?v=1724286338390
foxnews,reported,75,https://cdn.glitch.global/46639e58-58ca-4804-8212-3dff4efcf484/foxnews_logo.svg?v=1724286338390
foxnews,wednesday,74,https://cdn.glitch.global/46639e58-58ca-4804-8212-3dff4efcf484/foxnews_logo.svg?v=1724286338390
foxnews,general,74,https://cdn.glitch.global/46639e58-58ca-4804-8212-3dff4efcf484/foxnews_logo.svg?v=1724286338390
foxnews,press,74,https://cdn.glitch.global/46639e58-58ca-4804-8212-3dff4efcf484/foxnews_logo.svg?v=1724286338390
foxnews,nextimage,73,https://cdn.glitch.global/46639e58-58ca-4804-8212-3dff4efcf484/foxnews_logo.svg?v=1724286338390
foxnews,inside,72,https://cdn.glitch.global/46639e58-58ca-4804-8212-3dff4efcf484/foxnews_logo.svg?v=1724286338390
foxnews,supporters,72,https://cdn.glitch.global/46639e58-58ca-4804-8212-3dff4efcf484/foxnews_logo.svg?v=1724286338390
New York Times,people,869,https://cdn.glitch.global/46639e58-58ca-4804-8212-3dff4efcf484/nytimes_logo.jpeg?v=1724286356946
New York Times,dhaka,836,https://cdn.glitch.global/46639e58-58ca-4804-8212-3dff4efcf484/nytimes_logo.jpeg?v=1724286356946
New York Times,police,718,https://cdn.glitch.global/46639e58-58ca-4804-8212-3dff4efcf484/nytimes_logo.jpeg?v=1724286356946
New York Times,government,715,https://cdn.glitch.global/46639e58-58ca-4804-8212-3dff4efcf484/nytimes_logo.jpeg?v=1724286356946
New York Times,bangladeshi,508,https://cdn.glitch.global/46639e58-58ca-4804-8212-3dff4efcf484/nytimes_logo.jpeg?v=1724286356946
New York Times,workers,500,https://cdn.glitch.global/46639e58-58ca-4804-8212-3dff4efcf484/nytimes_logo.jpeg?v=1724286356946
New York Times,garment,445,https://cdn.glitch.global/46639e58-58ca-4804-8212-3dff4efcf484/nytimes_logo.jpeg?v=1724286356946
New York Times,factory,443,https://cdn.glitch.global/46639e58-58ca-4804-8212-3dff4efcf484/nytimes_logo.jpeg?v=1724286356946
New York Times,country,418,https://cdn.glitch.global/46639e58-58ca-4804-8212-3dff4efcf484/nytimes_logo.jpeg?v=1724286356946
New York Times,bangladeshs,403,https://cdn.glitch.global/46639e58-58ca-4804-8212-3dff4efcf484/nytimes_logo.jpeg?v=1724286356946
New York Times,group,396,https://cdn.glitch.global/46639e58-58ca-4804-8212-3dff4efcf484/nytimes_logo.jpeg?v=1724286356946
New York Times,factories,385,https://cdn.glitch.global/46639e58-58ca-4804-8212-3dff4efcf484/nytimes_logo.jpeg?v=1724286356946
New York Times,killed,380,https://cdn.glitch.global/46639e58-58ca-4804-8212-3dff4efcf484/nytimes_logo.jpeg?v=1724286356946
New York Times,building,355,https://cdn.glitch.global/46639e58-58ca-4804-8212-3dff4efcf484/nytimes_logo.jpeg?v=1724286356946
New York Times,officials,341,https://cdn.glitch.global/46639e58-58ca-4804-8212-3dff4efcf484/nytimes_logo.jpeg?v=1724286356946
New York Times,safety,333,https://cdn.glitch.global/46639e58-58ca-4804-8212-3dff4efcf484/nytimes_logo.jpeg?v=1724286356946
New York Times,years,332,https://cdn.glitch.global/46639e58-58ca-4804-8212-3dff4efcf484/nytimes_logo.jpeg?v=1724286356946
New York Times,party,331,https://cdn.glitch.global/46639e58-58ca-4804-8212-3dff4efcf484/nytimes_logo.jpeg?v=1724286356946
New York Times,ms,329,https://cdn.glitch.global/46639e58-58ca-4804-8212-3dff4efcf484/nytimes_logo.jpeg?v=1724286356946
New York Times,state,329,https://cdn.glitch.global/46639e58-58ca-4804-8212-3dff4efcf484/nytimes_logo.jpeg?v=1724286356946
New York Times,islam,310,https://cdn.glitch.global/46639e58-58ca-4804-8212-3dff4efcf484/nytimes_logo.jpeg?v=1724286356946
New York Times,labor,288,https://cdn.glitch.global/46639e58-58ca-4804-8212-3dff4efcf484/nytimes_logo.jpeg?v=1724286356946
New York Times,countrys,287,https://cdn.glitch.global/46639e58-58ca-4804-8212-3dff4efcf484/nytimes_logo.jpeg?v=1724286356946
New York Times,rights,278,https://cdn.glitch.global/46639e58-58ca-4804-8212-3dff4efcf484/nytimes_logo.jpeg?v=1724286356946
New York Times,islamic,273,https://cdn.glitch.global/46639e58-58ca-4804-8212-3dff4efcf484/nytimes_logo.jpeg?v=1724286356946
New York Times,million,269,https://cdn.glitch.global/46639e58-58ca-4804-8212-3dff4efcf484/nytimes_logo.jpeg?v=1724286356946
New York Times,death,267,https://cdn.glitch.global/46639e58-58ca-4804-8212-3dff4efcf484/nytimes_logo.jpeg?v=1724286356946
New York Times,men,256,https://cdn.glitch.global/46639e58-58ca-4804-8212-3dff4efcf484/nytimes_logo.jpeg?v=1724286356946
New York Times,groups,249,https://cdn.glitch.global/46639e58-58ca-4804-8212-3dff4efcf484/nytimes_logo.jpeg?v=1724286356946
New York Times,industry,247,https://cdn.glitch.global/46639e58-58ca-4804-8212-3dff4efcf484/nytimes_logo.jpeg?v=1724286356946
New York Times,international,241,https://cdn.glitch.global/46639e58-58ca-4804-8212-3dff4efcf484/nytimes_logo.jpeg?v=1724286356946
New York Times,minister,240,https://cdn.glitch.global/46639e58-58ca-4804-8212-3dff4efcf484/nytimes_logo.jpeg?v=1724286356946
New York Times,war,235,https://cdn.glitch.global/46639e58-58ca-4804-8212-3dff4efcf484/nytimes_logo.jpeg?v=1724286356946
New York Times,capital,230,https://cdn.glitch.global/46639e58-58ca-4804-8212-3dff4efcf484/nytimes_logo.jpeg?v=1724286356946
New York Times,hasina,230,https://cdn.glitch.global/46639e58-58ca-4804-8212-3dff4efcf484/nytimes_logo.jpeg?v=1724286356946
New York Times,united,227,https://cdn.glitch.global/46639e58-58ca-4804-8212-3dff4efcf484/nytimes_logo.jpeg?v=1724286356946
New York Times,political,226,https://cdn.glitch.global/46639e58-58ca-4804-8212-3dff4efcf484/nytimes_logo.jpeg?v=1724286356946
New York Times,attacks,225,https://cdn.glitch.global/46639e58-58ca-4804-8212-3dff4efcf484/nytimes_logo.jpeg?v=1724286356946
New York Times,opposition,220,https://cdn.glitch.global/46639e58-58ca-4804-8212-3dff4efcf484/nytimes_logo.jpeg?v=1724286356946
New York Times,leaders,217,https://cdn.glitch.global/46639e58-58ca-4804-8212-3dff4efcf484/nytimes_logo.jpeg?v=1724286356946
New York Times,violence,211,https://cdn.glitch.global/46639e58-58ca-4804-8212-3dff4efcf484/nytimes_logo.jpeg?v=1724286356946
New York Times,attack,206,https://cdn.glitch.global/46639e58-58ca-4804-8212-3dff4efcf484/nytimes_logo.jpeg?v=1724286356946
New York Times,members,204,https://cdn.glitch.global/46639e58-58ca-4804-8212-3dff4efcf484/nytimes_logo.jpeg?v=1724286356946
New York Times,recent,198,https://cdn.glitch.global/46639e58-58ca-4804-8212-3dff4efcf484/nytimes_logo.jpeg?v=1724286356946
New York Times,women,198,https://cdn.glitch.global/46639e58-58ca-4804-8212-3dff4efcf484/nytimes_logo.jpeg?v=1724286356946
New York Times,local,196,https://cdn.glitch.global/46639e58-58ca-4804-8212-3dff4efcf484/nytimes_logo.jpeg?v=1724286356946
New York Times,home,191,https://cdn.glitch.global/46639e58-58ca-4804-8212-3dff4efcf484/nytimes_logo.jpeg?v=1724286356946
New York Times,rana,191,https://cdn.glitch.global/46639e58-58ca-4804-8212-3dff4efcf484/nytimes_logo.jpeg?v=1724286356946
New York Times,killing,188,https://cdn.glitch.global/46639e58-58ca-4804-8212-3dff4efcf484/nytimes_logo.jpeg?v=1724286356946
New York Times,prime,186,https://cdn.glitch.global/46639e58-58ca-4804-8212-3dff4efcf484/nytimes_logo.jpeg?v=1724286356946
New York Times,rohingya,183,https://cdn.glitch.global/46639e58-58ca-4804-8212-3dff4efcf484/nytimes_logo.jpeg?v=1724286356946
New York Times,authorities,180,https://cdn.glitch.global/46639e58-58ca-4804-8212-3dff4efcf484/nytimes_logo.jpeg?v=1724286356946
New York Times,states,179,https://cdn.glitch.global/46639e58-58ca-4804-8212-3dff4efcf484/nytimes_logo.jpeg?v=1724286356946
New York Times,retailers,174,https://cdn.glitch.global/46639e58-58ca-4804-8212-3dff4efcf484/nytimes_logo.jpeg?v=1724286356946
New York Times,islamist,171,https://cdn.glitch.global/46639e58-58ca-4804-8212-3dff4efcf484/nytimes_logo.jpeg?v=1724286356946
New York Times,law,169,https://cdn.glitch.global/46639e58-58ca-4804-8212-3dff4efcf484/nytimes_logo.jpeg?v=1724286356946
New York Times,american,164,https://cdn.glitch.global/46639e58-58ca-4804-8212-3dff4efcf484/nytimes_logo.jpeg?v=1724286356946
New York Times,leader,164,https://cdn.glitch.global/46639e58-58ca-4804-8212-3dff4efcf484/nytimes_logo.jpeg?v=1724286356946
New York Times,work,163,https://cdn.glitch.global/46639e58-58ca-4804-8212-3dff4efcf484/nytimes_logo.jpeg?v=1724286356946
New York Times,plaza,163,https://cdn.glitch.global/46639e58-58ca-4804-8212-3dff4efcf484/nytimes_logo.jpeg?v=1724286356946
New York Times,just,160,https://cdn.glitch.global/46639e58-58ca-4804-8212-3dff4efcf484/nytimes_logo.jpeg?v=1724286356946
New York Times,india,158,https://cdn.glitch.global/46639e58-58ca-4804-8212-3dff4efcf484/nytimes_logo.jpeg?v=1724286356946
New York Times,saturday,157,https://cdn.glitch.global/46639e58-58ca-4804-8212-3dff4efcf484/nytimes_logo.jpeg?v=1724286356946
New York Times,power,157,https://cdn.glitch.global/46639e58-58ca-4804-8212-3dff4efcf484/nytimes_logo.jpeg?v=1724286356946
New York Times,official,156,https://cdn.glitch.global/46639e58-58ca-4804-8212-3dff4efcf484/nytimes_logo.jpeg?v=1724286356946
New York Times,months,154,https://cdn.glitch.global/46639e58-58ca-4804-8212-3dff4efcf484/nytimes_logo.jpeg?v=1724286356946
New York Times,human,153,https://cdn.glitch.global/46639e58-58ca-4804-8212-3dff4efcf484/nytimes_logo.jpeg?v=1724286356946
New York Times,world,153,https://cdn.glitch.global/46639e58-58ca-4804-8212-3dff4efcf484/nytimes_logo.jpeg?v=1724286356946
New York Times,khan,153,https://cdn.glitch.global/46639e58-58ca-4804-8212-3dff4efcf484/nytimes_logo.jpeg?v=1724286356946
New York Times,rahman,152,https://cdn.glitch.global/46639e58-58ca-4804-8212-3dff4efcf484/nytimes_logo.jpeg?v=1724286356946
New York Times,news,151,https://cdn.glitch.global/46639e58-58ca-4804-8212-3dff4efcf484/nytimes_logo.jpeg?v=1724286356946
New York Times,arrested,151,https://cdn.glitch.global/46639e58-58ca-4804-8212-3dff4efcf484/nytimes_logo.jpeg?v=1724286356946
New York Times,days,149,https://cdn.glitch.global/46639e58-58ca-4804-8212-3dff4efcf484/nytimes_logo.jpeg?v=1724286356946
New York Times,city,149,https://cdn.glitch.global/46639e58-58ca-4804-8212-3dff4efcf484/nytimes_logo.jpeg?v=1724286356946
New York Times,monday,148,https://cdn.glitch.global/46639e58-58ca-4804-8212-3dff4efcf484/nytimes_logo.jpeg?v=1724286356946
New York Times,religious,143,https://cdn.glitch.global/46639e58-58ca-4804-8212-3dff4efcf484/nytimes_logo.jpeg?v=1724286356946
New York Times,secular,143,https://cdn.glitch.global/46639e58-58ca-4804-8212-3dff4efcf484/nytimes_logo.jpeg?v=1724286356946
New York Times,sheikh,143,https://cdn.glitch.global/46639e58-58ca-4804-8212-3dff4efcf484/nytimes_logo.jpeg?v=1724286356946
New York Times,brands,142,https://cdn.glitch.global/46639e58-58ca-4804-8212-3dff4efcf484/nytimes_logo.jpeg?v=1724286356946
New York Times,family,142,https://cdn.glitch.global/46639e58-58ca-4804-8212-3dff4efcf484/nytimes_logo.jpeg?v=1724286356946
New York Times,awami,141,https://cdn.glitch.global/46639e58-58ca-4804-8212-3dff4efcf484/nytimes_logo.jpeg?v=1724286356946
New York Times,activists,137,https://cdn.glitch.global/46639e58-58ca-4804-8212-3dff4efcf484/nytimes_logo.jpeg?v=1724286356946
New York Times,place,136,https://cdn.glitch.global/46639e58-58ca-4804-8212-3dff4efcf484/nytimes_logo.jpeg?v=1724286356946
New York Times,court,136,https://cdn.glitch.global/46639e58-58ca-4804-8212-3dff4efcf484/nytimes_logo.jpeg?v=1724286356946
New York Times,league,135,https://cdn.glitch.global/46639e58-58ca-4804-8212-3dff4efcf484/nytimes_logo.jpeg?v=1724286356946
New York Times,thousands,135,https://cdn.glitch.global/46639e58-58ca-4804-8212-3dff4efcf484/nytimes_logo.jpeg?v=1724286356946
New York Times,sunday,135,https://cdn.glitch.global/46639e58-58ca-4804-8212-3dff4efcf484/nytimes_logo.jpeg?v=1724286356946
New York Times,district,135,https://cdn.glitch.global/46639e58-58ca-4804-8212-3dff4efcf484/nytimes_logo.jpeg?v=1724286356946
New York Times,used,134,https://cdn.glitch.global/46639e58-58ca-4804-8212-3dff4efcf484/nytimes_logo.jpeg?v=1724286356946
New York Times,owners,133,https://cdn.glitch.global/46639e58-58ca-4804-8212-3dff4efcf484/nytimes_logo.jpeg?v=1724286356946
New York Times,security,133,https://cdn.glitch.global/46639e58-58ca-4804-8212-3dff4efcf484/nytimes_logo.jpeg?v=1724286356946
New York Times,myanmar,133,https://cdn.glitch.global/46639e58-58ca-4804-8212-3dff4efcf484/nytimes_logo.jpeg?v=1724286356946
New York Times,bloggers,132,https://cdn.glitch.global/46639e58-58ca-4804-8212-3dff4efcf484/nytimes_logo.jpeg?v=1724286356946
New York Times,died,130,https://cdn.glitch.global/46639e58-58ca-4804-8212-3dff4efcf484/nytimes_logo.jpeg?v=1724286356946
New York Times,traffic,129,https://cdn.glitch.global/46639e58-58ca-4804-8212-3dff4efcf484/nytimes_logo.jpeg?v=1724286356946
New York Times,hindu,128,https://cdn.glitch.global/46639e58-58ca-4804-8212-3dff4efcf484/nytimes_logo.jpeg?v=1724286356946
New York Times,muslim,128,https://cdn.glitch.global/46639e58-58ca-4804-8212-3dff4efcf484/nytimes_logo.jpeg?v=1724286356946
New York Times,thursday,127,https://cdn.glitch.global/46639e58-58ca-4804-8212-3dff4efcf484/nytimes_logo.jpeg?v=1724286356946
New York Times,director,127,https://cdn.glitch.global/46639e58-58ca-4804-8212-3dff4efcf484/nytimes_logo.jpeg?v=1724286356946
New York Times,working,126,https://cdn.glitch.global/46639e58-58ca-4804-8212-3dff4efcf484/nytimes_logo.jpeg?v=1724286356946
Guardian,people,877,https://cdn.glitch.global/46639e58-58ca-4804-8212-3dff4efcf484/guardian_logo.svg?v=1724286344997
Guardian,workers,696,https://cdn.glitch.global/46639e58-58ca-4804-8212-3dff4efcf484/guardian_logo.svg?v=1724286344997
Guardian,government,595,https://cdn.glitch.global/46639e58-58ca-4804-8212-3dff4efcf484/guardian_logo.svg?v=1724286344997
Guardian,dhaka,492,https://cdn.glitch.global/46639e58-58ca-4804-8212-3dff4efcf484/guardian_logo.svg?v=1724286344997
Guardian,factory,465,https://cdn.glitch.global/46639e58-58ca-4804-8212-3dff4efcf484/guardian_logo.svg?v=1724286344997
Guardian,england,454,https://cdn.glitch.global/46639e58-58ca-4804-8212-3dff4efcf484/guardian_logo.svg?v=1724286344997
Guardian,world,441,https://cdn.glitch.global/46639e58-58ca-4804-8212-3dff4efcf484/guardian_logo.svg?v=1724286344997
Guardian,factories,435,https://cdn.glitch.global/46639e58-58ca-4804-8212-3dff4efcf484/guardian_logo.svg?v=1724286344997
Guardian,years,418,https://cdn.glitch.global/46639e58-58ca-4804-8212-3dff4efcf484/guardian_logo.svg?v=1724286344997
Guardian,international,416,https://cdn.glitch.global/46639e58-58ca-4804-8212-3dff4efcf484/guardian_logo.svg?v=1724286344997
Guardian,safety,416,https://cdn.glitch.global/46639e58-58ca-4804-8212-3dff4efcf484/guardian_logo.svg?v=1724286344997
Guardian,garment,412,https://cdn.glitch.global/46639e58-58ca-4804-8212-3dff4efcf484/guardian_logo.svg?v=1724286344997
Guardian,work,385,https://cdn.glitch.global/46639e58-58ca-4804-8212-3dff4efcf484/guardian_logo.svg?v=1724286344997
Guardian,country,375,https://cdn.glitch.global/46639e58-58ca-4804-8212-3dff4efcf484/guardian_logo.svg?v=1724286344997
Guardian,bangladeshi,357,https://cdn.glitch.global/46639e58-58ca-4804-8212-3dff4efcf484/guardian_logo.svg?v=1724286344997
Guardian,just,346,https://cdn.glitch.global/46639e58-58ca-4804-8212-3dff4efcf484/guardian_logo.svg?v=1724286344997
Guardian,building,342,https://cdn.glitch.global/46639e58-58ca-4804-8212-3dff4efcf484/guardian_logo.svg?v=1724286344997
Guardian,women,329,https://cdn.glitch.global/46639e58-58ca-4804-8212-3dff4efcf484/guardian_logo.svg?v=1724286344997
Guardian,police,322,https://cdn.glitch.global/46639e58-58ca-4804-8212-3dff4efcf484/guardian_logo.svg?v=1724286344997
Guardian,bangladeshs,300,https://cdn.glitch.global/46639e58-58ca-4804-8212-3dff4efcf484/guardian_logo.svg?v=1724286344997
Guardian,water,300,https://cdn.glitch.global/46639e58-58ca-4804-8212-3dff4efcf484/guardian_logo.svg?v=1724286344997
Guardian,rights,296,https://cdn.glitch.global/46639e58-58ca-4804-8212-3dff4efcf484/guardian_logo.svg?v=1724286344997
Guardian,rohingya,261,https://cdn.glitch.global/46639e58-58ca-4804-8212-3dff4efcf484/guardian_logo.svg?v=1724286344997
Guardian,home,260,https://cdn.glitch.global/46639e58-58ca-4804-8212-3dff4efcf484/guardian_logo.svg?v=1724286344997
Guardian,india,256,https://cdn.glitch.global/46639e58-58ca-4804-8212-3dff4efcf484/guardian_logo.svg?v=1724286344997
Guardian,children,254,https://cdn.glitch.global/46639e58-58ca-4804-8212-3dff4efcf484/guardian_logo.svg?v=1724286344997
Guardian,cricket,251,https://cdn.glitch.global/46639e58-58ca-4804-8212-3dff4efcf484/guardian_logo.svg?v=1724286344997
Guardian,brands,250,https://cdn.glitch.global/46639e58-58ca-4804-8212-3dff4efcf484/guardian_logo.svg?v=1724286344997
Guardian,conditions,246,https://cdn.glitch.global/46639e58-58ca-4804-8212-3dff4efcf484/guardian_logo.svg?v=1724286344997
Guardian,rana,244,https://cdn.glitch.global/46639e58-58ca-4804-8212-3dff4efcf484/guardian_logo.svg?v=1724286344997
Guardian,working,241,https://cdn.glitch.global/46639e58-58ca-4804-8212-3dff4efcf484/guardian_logo.svg?v=1724286344997
Guardian,group,239,https://cdn.glitch.global/46639e58-58ca-4804-8212-3dff4efcf484/guardian_logo.svg?v=1724286344997
Guardian,test,237,https://cdn.glitch.global/46639e58-58ca-4804-8212-3dff4efcf484/guardian_logo.svg?v=1724286344997
Guardian,plaza,237,https://cdn.glitch.global/46639e58-58ca-4804-8212-3dff4efcf484/guardian_logo.svg?v=1724286344997
Guardian,industry,235,https://cdn.glitch.global/46639e58-58ca-4804-8212-3dff4efcf484/guardian_logo.svg?v=1724286344997
Guardian,series,233,https://cdn.glitch.global/46639e58-58ca-4804-8212-3dff4efcf484/guardian_logo.svg?v=1724286344997
Guardian,killed,223,https://cdn.glitch.global/46639e58-58ca-4804-8212-3dff4efcf484/guardian_logo.svg?v=1724286344997
Guardian,security,221,https://cdn.glitch.global/46639e58-58ca-4804-8212-3dff4efcf484/guardian_logo.svg?v=1724286344997
Guardian,team,218,https://cdn.glitch.global/46639e58-58ca-4804-8212-3dff4efcf484/guardian_logo.svg?v=1724286344997
Guardian,local,217,https://cdn.glitch.global/46639e58-58ca-4804-8212-3dff4efcf484/guardian_logo.svg?v=1724286344997
Guardian,months,204,https://cdn.glitch.global/46639e58-58ca-4804-8212-3dff4efcf484/guardian_logo.svg?v=1724286344997
Guardian,past,197,https://cdn.glitch.global/46639e58-58ca-4804-8212-3dff4efcf484/guardian_logo.svg?v=1724286344997
Guardian,second,196,https://cdn.glitch.global/46639e58-58ca-4804-8212-3dff4efcf484/guardian_logo.svg?v=1724286344997
Guardian,family,195,https://cdn.glitch.global/46639e58-58ca-4804-8212-3dff4efcf484/guardian_logo.svg?v=1724286344997
Guardian,pakistan,192,https://cdn.glitch.global/46639e58-58ca-4804-8212-3dff4efcf484/guardian_logo.svg?v=1724286344997
Guardian,good,191,https://cdn.glitch.global/46639e58-58ca-4804-8212-3dff4efcf484/guardian_logo.svg?v=1724286344997
Guardian,days,191,https://cdn.glitch.global/46639e58-58ca-4804-8212-3dff4efcf484/guardian_logo.svg?v=1724286344997
Guardian,million,186,https://cdn.glitch.global/46639e58-58ca-4804-8212-3dff4efcf484/guardian_logo.svg?v=1724286344997
Guardian,global,185,https://cdn.glitch.global/46639e58-58ca-4804-8212-3dff4efcf484/guardian_logo.svg?v=1724286344997
Guardian,political,185,https://cdn.glitch.global/46639e58-58ca-4804-8212-3dff4efcf484/guardian_logo.svg?v=1724286344997
Guardian,set,183,https://cdn.glitch.global/46639e58-58ca-4804-8212-3dff4efcf484/guardian_logo.svg?v=1724286344997
Guardian,development,182,https://cdn.glitch.global/46639e58-58ca-4804-8212-3dff4efcf484/guardian_logo.svg?v=1724286344997
Guardian,game,181,https://cdn.glitch.global/46639e58-58ca-4804-8212-3dff4efcf484/guardian_logo.svg?v=1724286344997
Guardian,tour,181,https://cdn.glitch.global/46639e58-58ca-4804-8212-3dff4efcf484/guardian_logo.svg?v=1724286344997
Guardian,retailers,181,https://cdn.glitch.global/46639e58-58ca-4804-8212-3dff4efcf484/guardian_logo.svg?v=1724286344997
Guardian,ball,180,https://cdn.glitch.global/46639e58-58ca-4804-8212-3dff4efcf484/guardian_logo.svg?v=1724286344997
Guardian,human,180,https://cdn.glitch.global/46639e58-58ca-4804-8212-3dff4efcf484/guardian_logo.svg?v=1724286344997
Guardian,want,180,https://cdn.glitch.global/46639e58-58ca-4804-8212-3dff4efcf484/guardian_logo.svg?v=1724286344997
Guardian,accord,179,https://cdn.glitch.global/46639e58-58ca-4804-8212-3dff4efcf484/guardian_logo.svg?v=1724286344997
Guardian,end,177,https://cdn.glitch.global/46639e58-58ca-4804-8212-3dff4efcf484/guardian_logo.svg?v=1724286344997
Guardian,dont,177,https://cdn.glitch.global/46639e58-58ca-4804-8212-3dff4efcf484/guardian_logo.svg?v=1724286344997
Guardian,south,176,https://cdn.glitch.global/46639e58-58ca-4804-8212-3dff4efcf484/guardian_logo.svg?v=1724286344997
Guardian,need,176,https://cdn.glitch.global/46639e58-58ca-4804-8212-3dff4efcf484/guardian_logo.svg?v=1724286344997
Guardian,players,175,https://cdn.glitch.global/46639e58-58ca-4804-8212-3dff4efcf484/guardian_logo.svg?v=1724286344997
Guardian,pay,175,https://cdn.glitch.global/46639e58-58ca-4804-8212-3dff4efcf484/guardian_logo.svg?v=1724286344997
Guardian,change,174,https://cdn.glitch.global/46639e58-58ca-4804-8212-3dff4efcf484/guardian_logo.svg?v=1724286344997
Guardian,rahman,172,https://cdn.glitch.global/46639e58-58ca-4804-8212-3dff4efcf484/guardian_logo.svg?v=1724286344997
Guardian,health,171,https://cdn.glitch.global/46639e58-58ca-4804-8212-3dff4efcf484/guardian_logo.svg?v=1724286344997
Guardian,place,170,https://cdn.glitch.global/46639e58-58ca-4804-8212-3dff4efcf484/guardian_logo.svg?v=1724286344997
Guardian,englands,169,https://cdn.glitch.global/46639e58-58ca-4804-8212-3dff4efcf484/guardian_logo.svg?v=1724286344997
Guardian,high,167,https://cdn.glitch.global/46639e58-58ca-4804-8212-3dff4efcf484/guardian_logo.svg?v=1724286344997
Guardian,violence,167,https://cdn.glitch.global/46639e58-58ca-4804-8212-3dff4efcf484/guardian_logo.svg?v=1724286344997
Guardian,refugees,166,https://cdn.glitch.global/46639e58-58ca-4804-8212-3dff4efcf484/guardian_logo.svg?v=1724286344997
Guardian,long,165,https://cdn.glitch.global/46639e58-58ca-4804-8212-3dff4efcf484/guardian_logo.svg?v=1724286344997
Guardian,support,165,https://cdn.glitch.global/46639e58-58ca-4804-8212-3dff4efcf484/guardian_logo.svg?v=1724286344997
Guardian,death,164,https://cdn.glitch.global/46639e58-58ca-4804-8212-3dff4efcf484/guardian_logo.svg?v=1724286344997
Guardian,war,164,https://cdn.glitch.global/46639e58-58ca-4804-8212-3dff4efcf484/guardian_logo.svg?v=1724286344997
Guardian,labour,163,https://cdn.glitch.global/46639e58-58ca-4804-8212-3dff4efcf484/guardian_logo.svg?v=1724286344997
Guardian,going,157,https://cdn.glitch.global/46639e58-58ca-4804-8212-3dff4efcf484/guardian_logo.svg?v=1724286344997
Guardian,know,157,https://cdn.glitch.global/46639e58-58ca-4804-8212-3dff4efcf484/guardian_logo.svg?v=1724286344997
Guardian,minister,157,https://cdn.glitch.global/46639e58-58ca-4804-8212-3dff4efcf484/guardian_logo.svg?v=1724286344997
Guardian,director,156,https://cdn.glitch.global/46639e58-58ca-4804-8212-3dff4efcf484/guardian_logo.svg?v=1724286344997
Guardian,collapse,156,https://cdn.glitch.global/46639e58-58ca-4804-8212-3dff4efcf484/guardian_logo.svg?v=1724286344997
Guardian,countries,155,https://cdn.glitch.global/46639e58-58ca-4804-8212-3dff4efcf484/guardian_logo.svg?v=1724286344997
Guardian,families,154,https://cdn.glitch.global/46639e58-58ca-4804-8212-3dff4efcf484/guardian_logo.svg?v=1724286344997
Guardian,party,152,https://cdn.glitch.global/46639e58-58ca-4804-8212-3dff4efcf484/guardian_logo.svg?v=1724286344997
Guardian,runs,151,https://cdn.glitch.global/46639e58-58ca-4804-8212-3dff4efcf484/guardian_logo.svg?v=1724286344997
Guardian,clothes,151,https://cdn.glitch.global/46639e58-58ca-4804-8212-3dff4efcf484/guardian_logo.svg?v=1724286344997
Guardian,countrys,150,https://cdn.glitch.global/46639e58-58ca-4804-8212-3dff4efcf484/guardian_logo.svg?v=1724286344997
Guardian,number,150,https://cdn.glitch.global/46639e58-58ca-4804-8212-3dff4efcf484/guardian_logo.svg?v=1724286344997
Guardian,help,150,https://cdn.glitch.global/46639e58-58ca-4804-8212-3dff4efcf484/guardian_logo.svg?v=1724286344997
Guardian,match,149,https://cdn.glitch.global/46639e58-58ca-4804-8212-3dff4efcf484/guardian_logo.svg?v=1724286344997
Guardian,opposition,149,https://cdn.glitch.global/46639e58-58ca-4804-8212-3dff4efcf484/guardian_logo.svg?v=1724286344997
Guardian,cup,148,https://cdn.glitch.global/46639e58-58ca-4804-8212-3dff4efcf484/guardian_logo.svg?v=1724286344997
Guardian,hasina,146,https://cdn.glitch.global/46639e58-58ca-4804-8212-3dff4efcf484/guardian_logo.svg?v=1724286344997
Guardian,played,145,https://cdn.glitch.global/46639e58-58ca-4804-8212-3dff4efcf484/guardian_logo.svg?v=1724286344997
Guardian,better,145,https://cdn.glitch.global/46639e58-58ca-4804-8212-3dff4efcf484/guardian_logo.svg?v=1724286344997
Guardian,life,145,https://cdn.glitch.global/46639e58-58ca-4804-8212-3dff4efcf484/guardian_logo.svg?v=1724286344997
Guardian,state,143,https://cdn.glitch.global/46639e58-58ca-4804-8212-3dff4efcf484/guardian_logo.svg?v=1724286344997
Guardian,living,141,https://cdn.glitch.global/46639e58-58ca-4804-8212-3dff4efcf484/guardian_logo.svg?v=1724286344997